page,num,type,width_px,height_px,color,components,bpc,encoding,interpolate,object_id,generation,x_ppi,y_ppi,file,bytes,sha256
2,0,image,1484,711,rgb,3,8,jpeg,no,233,0,500,501,p002_n000_image_obj233.jpg,22864,a83c5337a733f145b7bbd5484ce9108ae5f827ea427f549cc6c16fe837ff9610
2,1,image,1534,881,rgb,3,8,jpeg,no,234,0,500,501,p002_n001_image_obj234.jpg,42965,aa6d3317f821e9ed85c6fffd554e36d83ec1c0f0eef6d40f894ba43a2ea8445d
2,2,image,2434,1245,rgb,3,8,jpeg,no,248,0,500,501,p002_n002_image_obj248.jpg,158686,3aabe3995593dfad7d0ff88d94ac704c4a07ed698cc07cf9dd7af8b68e372ea0
3,3,image,328,243,rgb,3,8,jpeg,no,260,0,94,94,p003_n003_image_obj260.jpg,9041,a493ec0e7434b6a2c52349720343e88d4ec649e47edf0e3ee32e70e330712d9e
8,4,image,1261,271,rgb,3,8,jpeg,no,533,0,192,192,p008_n004_image_obj533.jpg,33155,827c3f9eb224fb0b6b241aa2f6bd0d2c3f1d23515478c0f9f226e188de4acf57
8,5,image,1261,418,rgb,3,8,jpeg,no,534,0,192,192,p008_n005_image_obj534.jpg,51684,981933abed163e2dc26895e06186241827e592297e0f805951abbb43a454518e
9,6,image,413,294,rgb,3,8,jpeg,no,569,0,140,147,p009_n006_image_obj569.jpg,15049,00fdc7bad945d19766351cd20c376986af86fd6e272946535e4ce0a21cbdda9c
9,7,image,413,291,rgb,3,8,jpeg,no,570,0,143,149,p009_n007_image_obj570.jpg,14918,05afb422887308010b285332208b2b19420936f3afee0854729b38306313bcbd
14,8,image,378,265,rgb,3,8,jpeg,no,727,0,133,133,p014_n008_image_obj727.jpg,16052,394e7e02539509af035d586274dd963e4b49df96642069345b1caa114a51667f
14,9,mask,378,265,-,1,1,image,no,727,0,133,133,p014_n009_mask_obj727.png,2194,f394995936d355c9c94e4b796a1f78c262ac6575d8b331b4d961f0682ebd0a0c
14,10,image,378,265,rgb,3,8,jpeg,no,729,0,133,133,p014_n010_image_obj729.jpg,16174,32b8ef5a2c7234a542687cfe58b9cf57545286f0e9de242c5bf2fb51f1c259be
14,11,mask,378,265,-,1,1,image,no,729,0,133,133,p014_n011_mask_obj729.png,1951,7ab91dab8eba35cfeab6921ffafa433d319e69ad356cb5ee2ff86b8727d5b2ca
14,12,image,378,265,rgb,3,8,jpeg,no,731,0,133,133,p014_n012_image_obj731.jpg,15798,f4ee5a900fde2e5fa0afc843f7585e7ebb11451a5bbc323e2c4177bd64f54252
14,13,mask,378,265,-,1,1,image,no,731,0,133,133,p014_n013_mask_obj731.png,1942,aee5c44eb77197efb205285b4295be46ba8f0fbaac6caaf59ee4f7ac8eb31e7a
14,14,image,378,265,rgb,3,8,jpeg,no,733,0,133,133,p014_n014_image_obj733.jpg,15570,6b2604d04dfa1078e25fd05f12e41e9833c46152be29d8eb5ea5404b1e9c3434
14,15,mask,378,265,-,1,1,image,no,733,0,133,133,p014_n015_mask_obj733.png,1989,de0faf9bb587f4471023f2d5a0f87b37d8fcd3c73b8919775316ed5576a72f94
14,16,image,378,265,rgb,3,8,jpeg,no,735,0,133,133,p014_n016_image_obj735.jpg,18113,c2cf30426d38b65074d5e630f9f5411075dec3361d0a408c9f596dc1815c5ba6
14,17,mask,378,265,-,1,1,image,no,735,0,133,133,p014_n017_mask_obj735.png,2218,8beaa5dc995c7d154960be9a90bc6bece12070eaaec8b968f22ca8dccba1dc21
14,18,image,378,265,rgb,3,8,jpeg,no,737,0,133,133,p014_n018_image_obj737.jpg,15415,88977b4b4a5c21ad95659d50d89c826e36c5760c513a10c3105739cbf6f6bd02
14,19,mask,378,265,-,1,1,image,no,737,0,133,133,p014_n019_mask_obj737.png,1938,b6f2a5d46e8b07e802aa4e1636e80971644fe03888bf08e82526ff507fa7bc9a
14,20,image,378,265,rgb,3,8,jpeg,no,740,0,133,133,p014_n020_image_obj740.jpg,14558,373a1798646cd79cb54f5cdd0f2eff6b4ea04d9797f6dae7d9eae8fa2531e50c
14,21,mask,378,265,-,1,1,image,no,740,0,133,133,p014_n021_mask_obj740.png,1962,812f5c6a374df1b13514965535a0c7e79171cd05e39c0af4a9fbd5414daa0b29
14,22,image,378,265,rgb,3,8,jpeg,no,742,0,133,133,p014_n022_image_obj742.jpg,14594,b59f4bacf1be41b6b6ff65c21b4ca9ef2d40e00827d5076588f99a695375a8e6
14,23,mask,378,265,-,1,1,image,no,742,0,133,133,p014_n023_mask_obj742.png,1933,df47363ddc42db3543ab76fb3b32cc0e74adf966e7d8a7349fe0c87a56964528
15,24,image,268,221,rgb,3,8,jpeg,no,763,0,96,103,p015_n024_image_obj763.jpg,10562,daeb481b3db0bae025d0b1c8700709e02015fa18fb7c6f6cd569b5cfb5d197ea
15,25,image,268,221,rgb,3,8,jpeg,no,764,0,96,103,p015_n025_image_obj764.jpg,11426,1aa57b39c8aea52e31ec2abd1ad65a1b24cbadcc0bc2d63b8358a8e8cab76f9e
15,26,image,378,265,rgb,3,8,jpeg,no,766,0,133,133,p015_n026_image_obj766.jpg,15652,646fa83ad2bf643f7a7e0f56dd0ec5daeb0a22a103adba26c7f0ed575aded313
15,27,mask,378,265,-,1,1,image,no,766,0,133,133,p015_n027_mask_obj766.png,2165,aa70138b528ddabab5cfb811fb0aaced00ba2ebb18e8c17ea3b794057cb88160
15,28,image,378,265,rgb,3,8,jpeg,no,774,0,133,133,p015_n028_image_obj774.jpg,14743,bed2bcd7491dd955052a5d489422904b43192cbe2cfbdeb0621c0a0dffba0cc0
15,29,mask,378,265,-,1,1,image,no,774,0,133,133,p015_n029_mask_obj774.png,1867,2ba6d21e9c949f572d9bb1288f19cb224cbc9ec37db7d8fc82984dbef36a25d0
16,30,image,903,632,rgb,3,8,jpeg,no,787,0,300,300,p016_n030_image_obj787.jpg,72490,d8abd9781c50e1d4708fd3d5a65df48c2741bfa9281a9f5b098897d5eee30824
16,31,mask,903,632,-,1,1,image,no,787,0,300,300,p016_n031_mask_obj787.png,10259,76bd7637352f0bf97a79bce130b56ae17d9a2dafe6e949b6fa92de575aa1db9e
16,32,image,903,632,rgb,3,8,jpeg,no,789,0,300,300,p016_n032_image_obj789.jpg,69807,4efc3d3ab9705548befe0f7d0db64149a583faa7d72aacdb9861129c88d75c8c
16,33,mask,903,632,-,1,1,image,no,789,0,300,300,p016_n033_mask_obj789.png,10207,7c2699cad7b5c3d412a09fc8a073bfcfe6c7437736a4c01106d9790b54d7b8ea
21,34,image,123,138,rgb,3,8,image,no,880,0,610,601,p021_n034_image_obj880.png,305,f1a05ad88a6cd4e58b2fa394be180e3b30c46a73a7342214b2b9beaef154a2b3
21,35,image,123,138,rgb,3,8,image,no,882,0,610,601,p021_n035_image_obj882.png,317,56b12977f2f98476d8b4645ebdc811a55b65726b7785da5c3a3f45ed67203b71
32,36,image,1261,271,rgb,3,8,jpeg,no,533,0,192,192,p032_n036_image_obj533.jpg,33155,827c3f9eb224fb0b6b241aa2f6bd0d2c3f1d23515478c0f9f226e188de4acf57
33,37,image,413,294,rgb,3,8,jpeg,no,569,0,160,168,p033_n037_image_obj569.jpg,15049,00fdc7bad945d19766351cd20c376986af86fd6e272946535e4ce0a21cbdda9c
33,38,image,413,291,rgb,3,8,jpeg,no,570,0,164,170,p033_n038_image_obj570.jpg,14918,05afb422887308010b285332208b2b19420936f3afee0854729b38306313bcbd
38,39,image,827,567,rgb,3,8,jpeg,no,1159,0,300,300,p038_n039_image_obj1159.jpg,42222,edae0cf008c758667f97ce7e0634d6a7933c97e6f39791ed0624ae3b0b375f85
38,40,mask,827,567,-,1,1,image,no,1159,0,300,300,p038_n040_mask_obj1159.png,5498,456535283ccafd59c5a36a024b8095ae64cc9cc5b15fc61f387c063584d8c0b7
38,41,image,378,265,rgb,3,8,jpeg,no,1161,0,137,140,p038_n041_image_obj1161.jpg,15378,8b0c11cbd52bcc715f2dde33d7861019f6c50c6815390e05d14d8aec7903713d
38,42,mask,378,265,-,1,1,image,no,1161,0,137,140,p038_n042_mask_obj1161.png,1951,7ab91dab8eba35cfeab6921ffafa433d319e69ad356cb5ee2ff86b8727d5b2ca
38,43,image,827,567,rgb,3,8,jpeg,no,1163,0,300,300,p038_n043_image_obj1163.jpg,44184,5ad2eeec9611c818b0254a1674544e436aab0879e212526d98e620866f287a9e
38,44,mask,827,567,-,1,1,image,no,1163,0,300,300,p038_n044_mask_obj1163.png,5644,1040c90f1607fb5e8f9949072ecffb97f1cb59dfe6677e5994fe03f5505edbe3
38,45,image,1182,827,rgb,3,8,jpeg,no,1167,0,429,438,p038_n045_image_obj1167.jpg,65602,ad0e1e11a8be8747eba21e5c8d12747698ec00627e0547adda114bdda74caeae
38,46,mask,1182,827,-,1,1,image,no,1167,0,429,438,p038_n046_mask_obj1167.png,6398,36ffb5154e2b3a0940fe85201f949a7b658e699ce4bff214e2486c81ae51098d
38,47,image,378,265,rgb,3,8,jpeg,no,1169,0,137,140,p038_n047_image_obj1169.jpg,16963,2f1fc92eae3a0151b55c1433a31c167a2b2795cbee26b6506e9b473c8caceeea
38,48,mask,378,265,-,1,1,image,no,1169,0,137,140,p038_n048_mask_obj1169.png,2028,aa76e5efa87dc8eb26100f34a8ef785eb56c8d83a93f5dd1850622d5d5597f46
38,49,image,827,567,rgb,3,8,jpeg,no,1171,0,300,300,p038_n049_image_obj1171.jpg,41751,a25c1091527e74f7680f0e1835c77029ea9b081a85203422be982af7a0f1d2d4
38,50,mask,827,567,-,1,1,image,no,1171,0,300,300,p038_n050_mask_obj1171.png,5371,39a186042517a25bec6a3276d09620d07adbd3bec595e0d77042ac25fb166fda
39,51,image,268,221,rgb,3,8,jpeg,no,763,0,96,103,p039_n051_image_obj763.jpg,10562,daeb481b3db0bae025d0b1c8700709e02015fa18fb7c6f6cd569b5cfb5d197ea
39,52,image,268,221,rgb,3,8,jpeg,no,764,0,96,103,p039_n052_image_obj764.jpg,11426,1aa57b39c8aea52e31ec2abd1ad65a1b24cbadcc0bc2d63b8358a8e8cab76f9e
39,53,image,1182,827,rgb,3,8,jpeg,no,1189,0,429,438,p039_n053_image_obj1189.jpg,65037,73cebf77fbdb330d3e35f5c899a339596f0f49596cdc8193c0318e9366c5ea7d
39,54,mask,1182,827,-,1,1,image,no,1189,0,429,438,p039_n054_mask_obj1189.png,6681,630fc19d460234f340e5514bedfef23c078bc3e6f6bd690a343107d230f04d91
39,55,image,827,567,rgb,3,8,jpeg,no,1191,0,300,300,p039_n055_image_obj1191.jpg,41864,1a492b241b1fc1164f2267bc234af0632b1ecb2e7bb7f00163a227592259e4ec
39,56,mask,827,567,-,1,1,image,no,1191,0,300,300,p039_n056_mask_obj1191.png,5573,424b141acc6262db5b5f878e0a11a85301533d767d2397038bc859b9d9897138
39,57,image,827,567,rgb,3,8,jpeg,no,1193,0,300,300,p039_n057_image_obj1193.jpg,40730,5db7d8d550c674f016176d3d8e59076011225e7331aabcbe2a05ff5d600304dd
39,58,mask,827,567,-,1,1,image,no,1193,0,300,300,p039_n058_mask_obj1193.png,5432,18b5e03520e7a74b215d37bca653b98e930da7f71ea04697cbc0c6c811ec6632
39,59,image,827,567,rgb,3,8,jpeg,no,1195,0,300,300,p039_n059_image_obj1195.jpg,40725,32757fa7a20e1657cfdfebac3be2080c403e4727d40f0ce37c9e3232216a582d
39,60,mask,827,567,-,1,1,image,no,1195,0,300,300,p039_n060_mask_obj1195.png,5170,c81134658781b50a3657a65659b2603b359e9c8c288f1b3fbcafd8f3f5f0e6ea
40,61,image,903,632,rgb,3,8,jpeg,no,787,0,300,300,p040_n061_image_obj787.jpg,72490,d8abd9781c50e1d4708fd3d5a65df48c2741bfa9281a9f5b098897d5eee30824
40,62,mask,903,632,-,1,1,image,no,787,0,300,300,p040_n062_mask_obj787.png,10259,76bd7637352f0bf97a79bce130b56ae17d9a2dafe6e949b6fa92de575aa1db9e
40,63,image,903,632,rgb,3,8,jpeg,no,789,0,300,300,p040_n063_image_obj789.jpg,69807,4efc3d3ab9705548befe0f7d0db64149a583faa7d72aacdb9861129c88d75c8c
40,64,mask,903,632,-,1,1,image,no,789,0,300,300,p040_n064_mask_obj789.png,10207,7c2699cad7b5c3d412a09fc8a073bfcfe6c7437736a4c01106d9790b54d7b8ea
53,65,image,1261,271,rgb,3,8,jpeg,no,533,0,192,192,p053_n065_image_obj533.jpg,33155,827c3f9eb224fb0b6b241aa2f6bd0d2c3f1d23515478c0f9f226e188de4acf57
54,66,image,413,294,rgb,3,8,jpeg,no,569,0,160,168,p054_n066_image_obj569.jpg,15049,00fdc7bad945d19766351cd20c376986af86fd6e272946535e4ce0a21cbdda9c
54,67,image,413,291,rgb,3,8,jpeg,no,570,0,164,170,p054_n067_image_obj570.jpg,14918,05afb422887308010b285332208b2b19420936f3afee0854729b38306313bcbd
59,68,image,378,265,rgb,3,8,jpeg,no,727,0,133,133,p059_n068_image_obj727.jpg,16052,394e7e02539509af035d586274dd963e4b49df96642069345b1caa114a51667f
59,69,mask,378,265,-,1,1,image,no,727,0,133,133,p059_n069_mask_obj727.png,2194,f394995936d355c9c94e4b796a1f78c262ac6575d8b331b4d961f0682ebd0a0c
59,70,image,378,265,rgb,3,8,jpeg,no,729,0,133,133,p059_n070_image_obj729.jpg,16174,32b8ef5a2c7234a542687cfe58b9cf57545286f0e9de242c5bf2fb51f1c259be
59,71,mask,378,265,-,1,1,image,no,729,0,133,133,p059_n071_mask_obj729.png,1951,7ab91dab8eba35cfeab6921ffafa433d319e69ad356cb5ee2ff86b8727d5b2ca
59,72,image,378,265,rgb,3,8,jpeg,no,731,0,133,133,p059_n072_image_obj731.jpg,15798,f4ee5a900fde2e5fa0afc843f7585e7ebb11451a5bbc323e2c4177bd64f54252
59,73,mask,378,265,-,1,1,image,no,731,0,133,133,p059_n073_mask_obj731.png,1942,aee5c44eb77197efb205285b4295be46ba8f0fbaac6caaf59ee4f7ac8eb31e7a
59,74,image,378,265,rgb,3,8,jpeg,no,733,0,133,133,p059_n074_image_obj733.jpg,15570,6b2604d04dfa1078e25fd05f12e41e9833c46152be29d8eb5ea5404b1e9c3434
59,75,mask,378,265,-,1,1,image,no,733,0,133,133,p059_n075_mask_obj733.png,1989,de0faf9bb587f4471023f2d5a0f87b37d8fcd3c73b8919775316ed5576a72f94
59,76,image,378,265,rgb,3,8,jpeg,no,735,0,133,133,p059_n076_image_obj735.jpg,18113,c2cf30426d38b65074d5e630f9f5411075dec3361d0a408c9f596dc1815c5ba6
59,77,mask,378,265,-,1,1,image,no,735,0,133,133,p059_n077_mask_obj735.png,2218,8beaa5dc995c7d154960be9a90bc6bece12070eaaec8b968f22ca8dccba1dc21
59,78,image,378,265,rgb,3,8,jpeg,no,737,0,133,133,p059_n078_image_obj737.jpg,15415,88977b4b4a5c21ad95659d50d89c826e36c5760c513a10c3105739cbf6f6bd02
59,79,mask,378,265,-,1,1,image,no,737,0,133,133,p059_n079_mask_obj737.png,1938,b6f2a5d46e8b07e802aa4e1636e80971644fe03888bf08e82526ff507fa7bc9a
60,80,image,268,221,rgb,3,8,jpeg,no,763,0,102,109,p060_n080_image_obj763.jpg,10562,daeb481b3db0bae025d0b1c8700709e02015fa18fb7c6f6cd569b5cfb5d197ea
60,81,image,268,221,rgb,3,8,jpeg,no,764,0,102,109,p060_n081_image_obj764.jpg,11426,1aa57b39c8aea52e31ec2abd1ad65a1b24cbadcc0bc2d63b8358a8e8cab76f9e
60,82,image,378,265,rgb,3,8,jpeg,no,740,0,133,133,p060_n082_image_obj740.jpg,14558,373a1798646cd79cb54f5cdd0f2eff6b4ea04d9797f6dae7d9eae8fa2531e50c
60,83,mask,378,265,-,1,1,image,no,740,0,133,133,p060_n083_mask_obj740.png,1962,812f5c6a374df1b13514965535a0c7e79171cd05e39c0af4a9fbd5414daa0b29
60,84,image,378,265,rgb,3,8,jpeg,no,766,0,133,133,p060_n084_image_obj766.jpg,15652,646fa83ad2bf643f7a7e0f56dd0ec5daeb0a22a103adba26c7f0ed575aded313
60,85,mask,378,265,-,1,1,image,no,766,0,133,133,p060_n085_mask_obj766.png,2165,aa70138b528ddabab5cfb811fb0aaced00ba2ebb18e8c17ea3b794057cb88160
60,86,image,378,265,rgb,3,8,jpeg,no,742,0,133,133,p060_n086_image_obj742.jpg,14594,b59f4bacf1be41b6b6ff65c21b4ca9ef2d40e00827d5076588f99a695375a8e6
60,87,mask,378,265,-,1,1,image,no,742,0,133,133,p060_n087_mask_obj742.png,1933,df47363ddc42db3543ab76fb3b32cc0e74adf966e7d8a7349fe0c87a56964528
60,88,image,378,265,rgb,3,8,jpeg,no,774,0,133,133,p060_n088_image_obj774.jpg,14743,bed2bcd7491dd955052a5d489422904b43192cbe2cfbdeb0621c0a0dffba0cc0
60,89,mask,378,265,-,1,1,image,no,774,0,133,133,p060_n089_mask_obj774.png,1867,2ba6d21e9c949f572d9bb1288f19cb224cbc9ec37db7d8fc82984dbef36a25d0
61,90,image,903,632,rgb,3,8,jpeg,no,787,0,300,300,p061_n090_image_obj787.jpg,72490,d8abd9781c50e1d4708fd3d5a65df48c2741bfa9281a9f5b098897d5eee30824
61,91,mask,903,632,-,1,1,image,no,787,0,300,300,p061_n091_mask_obj787.png,10259,76bd7637352f0bf97a79bce130b56ae17d9a2dafe6e949b6fa92de575aa1db9e
61,92,image,903,632,rgb,3,8,jpeg,no,789,0,300,300,p061_n092_image_obj789.jpg,69807,4efc3d3ab9705548befe0f7d0db64149a583faa7d72aacdb9861129c88d75c8c
61,93,mask,903,632,-,1,1,image,no,789,0,300,300,p061_n093_mask_obj789.png,10207,7c2699cad7b5c3d412a09fc8a073bfcfe6c7437736a4c01106d9790b54d7b8ea
64,94,image,511,336,rgb,3,8,jpeg,no,1376,0,161,161,p064_n094_image_obj1376.jpg,13143,80ca10a8d9afa2d06151627b960f9fb47f549a9d34b6a489e91970c3d65178de
64,95,image,501,336,rgb,3,8,jpeg,no,1377,0,171,171,p064_n095_image_obj1377.jpg,13284,e3ce29727d6beb7c890966b7adf779f1343aad3fc35528d82b2290ab87eea721
69,96,image,135,106,rgb,3,8,image,no,1433,0,609,601,p069_n096_image_obj1433.png,280,f90890af6affbdb074fa84c3eff485bfed06ed4de896607a727568bfbdca493b
69,97,image,135,106,rgb,3,8,image,no,1433,0,609,601,p069_n097_image_obj1433.png,280,f90890af6affbdb074fa84c3eff485bfed06ed4de896607a727568bfbdca493b
69,98,image,135,106,rgb,3,8,image,no,1433,0,609,601,p069_n098_image_obj1433.png,280,f90890af6affbdb074fa84c3eff485bfed06ed4de896607a727568bfbdca493b
69,99,image,135,106,rgb,3,8,image,no,1433,0,609,601,p069_n099_image_obj1433.png,280,f90890af6affbdb074fa84c3eff485bfed06ed4de896607a727568bfbdca493b
69,100,image,135,106,rgb,3,8,image,no,1433,0,609,601,p069_n100_image_obj1433.png,280,f90890af6affbdb074fa84c3eff485bfed06ed4de896607a727568bfbdca493b
69,101,image,95,106,rgb,3,8,image,no,1444,0,613,601,p069_n101_image_obj1444.png,261,f99ae4a58b08ea42bc02f1e9a3c2b8b2708943eb10add1a547abefb272bb0d45
69,102,image,135,106,rgb,3,8,image,no,1433,0,609,601,p069_n102_image_obj1433.png,280,f90890af6affbdb074fa84c3eff485bfed06ed4de896607a727568bfbdca493b
69,103,image,135,106,rgb,3,8,image,no,1433,0,609,601,p069_n103_image_obj1433.png,280,f90890af6affbdb074fa84c3eff485bfed06ed4de896607a727568bfbdca493b
69,104,image,135,106,rgb,3,8,image,no,1433,0,609,601,p069_n104_image_obj1433.png,280,f90890af6affbdb074fa84c3eff485bfed06ed4de896607a727568bfbdca493b
69,105,image,135,106,rgb,3,8,image,no,1433,0,609,601,p069_n105_image_obj1433.png,280,f90890af6affbdb074fa84c3eff485bfed06ed4de896607a727568bfbdca493b
69,106,image,135,106,rgb,3,8,image,no,1433,0,609,601,p069_n106_image_obj1433.png,280,f90890af6affbdb074fa84c3eff485bfed06ed4de896607a727568bfbdca493b
69,107,image,135,106,rgb,3,8,image,no,1433,0,609,601,p069_n107_image_obj1433.png,280,f90890af6affbdb074fa84c3eff485bfed06ed4de896607a727568bfbdca493b
69,108,image,135,106,rgb,3,8,image,no,1433,0,609,601,p069_n108_image_obj1433.png,280,f90890af6affbdb074fa84c3eff485bfed06ed4de896607a727568bfbdca493b
69,109,image,135,106,rgb,3,8,image,no,1433,0,609,601,p069_n109_image_obj1433.png,280,f90890af6affbdb074fa84c3eff485bfed06ed4de896607a727568bfbdca493b
69,110,image,135,106,rgb,3,8,image,no,1433,0,609,601,p069_n110_image_obj1433.png,280,f90890af6affbdb074fa84c3eff485bfed06ed4de896607a727568bfbdca493b
69,111,image,135,106,rgb,3,8,image,no,1433,0,609,601,p069_n111_image_obj1433.png,280,f90890af6affbdb074fa84c3eff485bfed06ed4de896607a727568bfbdca493b
69,112,image,135,106,rgb,3,8,image,no,1433,0,609,601,p069_n112_image_obj1433.png,280,f90890af6affbdb074fa84c3eff485bfed06ed4de896607a727568bfbdca493b
69,113,image,135,106,rgb,3,8,image,no,1433,0,609,601,p069_n113_image_obj1433.png,280,f90890af6affbdb074fa84c3eff485bfed06ed4de896607a727568bfbdca493b
69,114,image,135,106,rgb,3,8,image,no,1433,0,609,601,p069_n114_image_obj1433.png,280,f90890af6affbdb074fa84c3eff485bfed06ed4de896607a727568bfbdca493b
