document,page,file,pixel_width,pixel_height,sha256
LAW1,2,04_visuals/page_renders/law-1_page_002.png,1240,1753,bdd90720d9aac31c098efa9e92da09e47ec5b1b66e8ab6b2b24de50a05a8f5f9
LAW1,3,04_visuals/page_renders/law-1_page_003.png,1240,1753,26a51a946499cfacfa3880d11baa8188d34dbfd6c261aed8d0ce7d8a666a8e73
LAW1,6,04_visuals/page_renders/law-1_page_006.png,1240,1753,b64061a03b236e27c82bcaa2063ebbd711d4075f2826424e07ca164d99f006f9
LAW1,8,04_visuals/page_renders/law-1_page_008.png,1240,1753,dc585deed0def3446e3d462290f5b9674436edf72efb3172558a1be583dd2d67
LAW1,9,04_visuals/page_renders/law-1_page_009.png,1240,1753,ad0e64f4b20dcf4a1f2ed1b0d9638b7e6a58cc2cc0928e2968c8b77a404dcff2
LAW1,10,04_visuals/page_renders/law-1_page_010.png,1240,1753,364be064cc17306639bf15ae9e7ee1cae44af7a384497d29c272da79854977f6
LAW1,12,04_visuals/page_renders/law-1_page_012.png,1240,1753,d8df3870961d84919d66cde6c7a3b92e58e9b83ef291ed3036afb6b1a146d3ba
LAW1,13,04_visuals/page_renders/law-1_page_013.png,1240,1753,26c2456a57b8384b8d59bb5ea8f5efa8c60f0f056c49dfe132dd71c7f3973762
LAW1,14,04_visuals/page_renders/law-1_page_014.png,1240,1753,61f7e83eb8cf3909e619b839293aedfeb7a405612090a23330edcfdf6ed9e13a
LAW1,15,04_visuals/page_renders/law-1_page_015.png,1240,1753,8494e0a167f1cde7cac0d9cea0d0df5c8718d6ecb2398ff2e8186db28b360d49
LAW1,16,04_visuals/page_renders/law-1_page_016.png,1240,1753,dcfbb1cd96f1e81985295dc258fd44d194e7f9057e30dc12e2cbebaa63f91e3e
LAW1,21,04_visuals/page_renders/law-1_page_021.png,1240,1753,a0d29c8cdaa2408f37f865e819ed48bd2c797b45d83467081436bd686432f470
LAW1,24,04_visuals/page_renders/law-1_page_024.png,1240,1753,806006d4a8af3edded0c4070b444e6d8316605c9a45f9dbc173470ff815f7a35
LAW1,25,04_visuals/page_renders/law-1_page_025.png,1240,1753,feba8edd350f0ccc16b1f6b7cbf04be7f9df693ffea1933963f072421b3aac35
LAW1,26,04_visuals/page_renders/law-1_page_026.png,1240,1753,7831749ad409eceb446f1199fe0bf489f43fafd316e13488a7f4231f3cc212a9
LAW1,28,04_visuals/page_renders/law-1_page_028.png,1240,1753,1f5a97983f9a8fec806ea6f3e021452cfc749a33939831ef84cd3ce8ec07bd1d
LAW1,29,04_visuals/page_renders/law-1_page_029.png,1240,1753,080b94db0ec92f50f5ab46a3601d47b57a274a0545d5a3c55bd7c1e4cf2590ec
LAW1,31,04_visuals/page_renders/law-1_page_031.png,1240,1753,09f0dfa8178ab1ca67e688de870772b3cf4f5cd39767b2147353528c4625417f
LAW1,32,04_visuals/page_renders/law-1_page_032.png,1240,1753,46209a49a03fb20769361eab97ec0911676a342fd44f64babee2b5172093944d
LAW1,33,04_visuals/page_renders/law-1_page_033.png,1240,1753,2f5f668eec75911fdb9cb2de2667ebcfd85686ba13029c56faf800932062cce1
LAW1,34,04_visuals/page_renders/law-1_page_034.png,1240,1753,3b3c3cc74093283c4cde13272146e375d31410ed20aadc3add2e59f106b3428e
LAW1,37,04_visuals/page_renders/law-1_page_037.png,1240,1753,16970b8208f4d641ab1a74066763bcce35e23ebaede003a89b2ce021f2d6b15c
LAW1,38,04_visuals/page_renders/law-1_page_038.png,1240,1753,9987c5427df7a00ff7d0f6bccacbc60d5b270c8bc81cd12c6f8d41257f54a947
LAW1,39,04_visuals/page_renders/law-1_page_039.png,1240,1753,db7f919992d188499dbb8f2a6fa329f99e6d19bd4d291112f3d780a5e86144fd
LAW1,40,04_visuals/page_renders/law-1_page_040.png,1240,1753,c917a9d18e838d5bd7f8a2b327dab47e774ff22851aed3545e99a2e5490a56d3
LAW1,42,04_visuals/page_renders/law-1_page_042.png,1240,1753,e2d5271220f81fe52f47ce59b95bbba77c001c631e737a750895029b059eb80f
LAW1,43,04_visuals/page_renders/law-1_page_043.png,1240,1753,415b24a2afef0337ea13e09a6dece2ce779d503b5057f50b6fddafc44843daa1
LAW1,45,04_visuals/page_renders/law-1_page_045.png,1240,1753,7e1a470ba2174e8801b7e5adb9568e277446920422954b7be6d69f4e21d62a17
LAW1,46,04_visuals/page_renders/law-1_page_046.png,1240,1753,6cd231eb7967e0936494de589c8ac08a1f74f5026721324aa6e951e770bf797e
LAW1,47,04_visuals/page_renders/law-1_page_047.png,1240,1753,35453416ec997d4375f17048aef0bb2d592103ed5231dc038f15be69278f2551
LAW1,49,04_visuals/page_renders/law-1_page_049.png,1240,1753,4c4864c30cc8b2777eaf55c932702c57df936123185494074fb491d531771c6c
LAW1,50,04_visuals/page_renders/law-1_page_050.png,1240,1753,bab6501a57d0d537a7e8c6a28325afead0d151758ed57752714797287a0bb270
LAW1,51,04_visuals/page_renders/law-1_page_051.png,1240,1753,a4a6cadbfe4589cbc3992074d60418e4703b267071cdee4f0360fea8215650c1
LAW1,52,04_visuals/page_renders/law-1_page_052.png,1240,1753,abaf2a3f95077b01d0e5676dc2d8e7a4876df942d2563e08d1bbf21b373e8125
LAW1,53,04_visuals/page_renders/law-1_page_053.png,1240,1753,689894c7c5a68aaf9a53f6da7281e35b361f8785a0ede89c9bbfa11c7f9bbd76
LAW1,54,04_visuals/page_renders/law-1_page_054.png,1240,1753,e46fd456f8bbb3e1ba5ae6893acac64bd87decfd269a3a0a17c7e99ff13aa892
LAW1,55,04_visuals/page_renders/law-1_page_055.png,1240,1753,07323f6ae7acfb0fb0d786b3ee417ddbd9597bffc815a4477e2f5629ea272430
LAW1,58,04_visuals/page_renders/law-1_page_058.png,1240,1753,8eba5b9b47381cb84cef8e204598396964a89fc3444f47dd78c58db278c16bf4
LAW1,59,04_visuals/page_renders/law-1_page_059.png,1240,1753,7baa316bf413aa917cc6e9f4fb476ae75ccfbd7aa7115f0ae06f27bd9cdce411
LAW1,60,04_visuals/page_renders/law-1_page_060.png,1240,1753,6d59113586ae85240abb3a162f1c1048d865eeba24157fb801a4776a9ce9a7e2
LAW1,61,04_visuals/page_renders/law-1_page_061.png,1240,1753,ada911753e0276da4f44270d7303a698206c9d2798b0786925c4f3aaefd53ee1
LAW1,64,04_visuals/page_renders/law-1_page_064.png,1240,1753,bbc384ba5ec28a4c556aa7612d98e22c24b6710916bfbb10d25c366fd62f7524
LAW1,65,04_visuals/page_renders/law-1_page_065.png,1240,1753,f40e3bedc5443a60b2a95ccff90bd518922f99a626196ae2ae1065a6ed73178b
LAW1,66,04_visuals/page_renders/law-1_page_066.png,1240,1753,f2a7258e6364e21235c61427f19b10b7fbff0bfe58f38296607f06eb5ccc9094
LAW1,68,04_visuals/page_renders/law-1_page_068.png,1240,1753,6697e682a764cd94b5c497f4a2d9de9b2ccc89ec332157b43381c257daafa823
LAW1,69,04_visuals/page_renders/law-1_page_069.png,1240,1753,c87b1cc5b6f297b468a8f19c685aae2f36beb89fca5bf32e787af356314d8112
LAW1,70,04_visuals/page_renders/law-1_page_070.png,1240,1753,22dd130740046fb24b60168a37c15d07b1cb4a2fbd01ed1afc04c6e9156ed80a
LAW1,71,04_visuals/page_renders/law-1_page_071.png,1240,1753,ccb7a7a6251e4156744ad7796c8d1d180e27df745c02181709499d18d53b4096
LAW1,72,04_visuals/page_renders/law-1_page_072.png,1240,1753,d7b99d61331c817c23a8840c96cbbbc1193699a474c38bb1cc3464824f398cdb
LAW1,73,04_visuals/page_renders/law-1_page_073.png,1240,1753,4d2226eb570914208923d8d3b0b4b8826650c181478e57b31c8891ac7f3d88f9
LAW1,74,04_visuals/page_renders/law-1_page_074.png,1240,1753,b8bb7224f5af18dc594b0d0a621aa722b2b66ab8470387a0551b9c038d58e82e
LAW1,75,04_visuals/page_renders/law-1_page_075.png,1240,1753,523444e64af4e0bba799b980ac2c1140993f81d8489162b23d0ead096c76b087
LAW1,76,04_visuals/page_renders/law-1_page_076.png,1240,1753,407005c52cc6582edec6850dfc1f3c6745ecd9954e6d5660992bf6ec1377519b
LAW1,77,04_visuals/page_renders/law-1_page_077.png,1240,1753,5e62917fa493da1d3a36bd22dfdffb0a6f5709f5fdd419b2d19dcc94b4c7cf1f
LAW1,78,04_visuals/page_renders/law-1_page_078.png,1240,1753,e2aeefaac131890fa3b1ea804430e3ff662ac5996077d698db78cc02be1ba918
LAW1,79,04_visuals/page_renders/law-1_page_079.png,1753,1240,a91e712f385ff7828728c8e8db38b42f88a95a66ce78c783b9078afe93f66ef8
LAW1,80,04_visuals/page_renders/law-1_page_080.png,1753,1240,3d1d681f59e4f539572198703db57221a9aa4b1863a839c95c4a378cb87fdc20
LAW1,81,04_visuals/page_renders/law-1_page_081.png,1753,1240,348facaa050450aee5fe8cf96d7813febe6d6117dcf0713c221051a5b18905e3
LAW1,82,04_visuals/page_renders/law-1_page_082.png,1753,1240,980e1a5d142639460eae34fc3cc0c691806c4b122cabdde10a5a84f2f2dc572d
LAW1,83,04_visuals/page_renders/law-1_page_083.png,1753,1240,17567eade9c79aa23caa7df4f69af547fefcd279bded3e96478b1cd85d00ffb3
LAW1,84,04_visuals/page_renders/law-1_page_084.png,1753,1240,558f281f5fda274fac5886332a26a4b68b600bdf8e3f783ad148d3fd8cc47185
LAW2,1,04_visuals/page_renders/law-2_page_001.png,1240,1755,664d0a8ff021aaa0a98c26dd09cdc2fddbf203ae9ac3d29550be178811be95a7
