visual_id,document_id,clause_row_id,clause_id,page,visual_type,source_key,related_table_row_id,source_path,crop_path,bbox_left,bbox_bottom,bbox_right,bbox_top,pixel_width,pixel_height,sha256
PDF-LAW1-U001,1,4,LAW1-1_3_1,2,PDF 고유 이미지,xref:233,0,03_extracted_images/pdf_embedded/law-1/02_visible_unique_images/xref_00233.png,03_extracted_images/pdf_embedded/law-1/02_visible_unique_images/xref_00233.png,98.707,474.92,312.312,577.168,1484,711,2f5e2b9d28c212e629056f641322ac19eadf7b18cee4bbc571eeaa8e97297ca8
PDF-LAW1-U002,1,4,LAW1-1_3_1,2,PDF 고유 이미지,xref:234,0,03_extracted_images/pdf_embedded/law-1/02_visible_unique_images/xref_00234.png,03_extracted_images/pdf_embedded/law-1/02_visible_unique_images/xref_00234.png,322.387,462.694,543.188,589.395,1534,881,b5b8113a53e15edd2fbad92e3fea7095d41edc5743740ddff25ed9beecccd511
PDF-LAW1-U003,1,4,LAW1-1_3_1,2,PDF 고유 이미지,xref:248,0,03_extracted_images/pdf_embedded/law-1/02_visible_unique_images/xref_00248.png,03_extracted_images/pdf_embedded/law-1/02_visible_unique_images/xref_00248.png,122.334,89.782,472.666,268.866,2434,1245,7e2dbf0577d22e11412194da8500a7ea9553702ede3fb47792a030a00c1a1b7d
PDF-LAW1-U004,1,5,LAW1-1_3_2,3,PDF 고유 이미지,xref:260,0,03_extracted_images/pdf_embedded/law-1/02_visible_unique_images/xref_00260.png,03_extracted_images/pdf_embedded/law-1/02_visible_unique_images/xref_00260.png,171.748,423.257,423.013,609.893,328,243,c09882a238ba356b4909601cc5efe1884f7328ca3912134322191d7fb5ff5b02
PDF-LAW1-U005,1,31,LAW1-2_2_4,8,PDF 고유 이미지,xref:533,0,03_extracted_images/pdf_embedded/law-1/02_visible_unique_images/xref_00533.png,03_extracted_images/pdf_embedded/law-1/02_visible_unique_images/xref_00533.png,61.167,617.684,533.713,719.333,1261,271,f3f18a9eeeb90803046d39ae66cb1ca0411a7d62c0bfda156ec731a899a920d2
PDF-LAW1-U006,1,31,LAW1-2_2_4,8,PDF 고유 이미지,xref:534,0,03_extracted_images/pdf_embedded/law-1/02_visible_unique_images/xref_00534.png,03_extracted_images/pdf_embedded/law-1/02_visible_unique_images/xref_00534.png,61.167,417.743,533.713,574.531,1261,418,d7a61624eea5a4c3b57253a4216a14efd92d307eb9d07d0ce989c883b1d4edfc
PDF-LAW1-U007,1,32,LAW1-2_3_1,9,PDF 고유 이미지,xref:569,0,03_extracted_images/pdf_embedded/law-1/02_visible_unique_images/xref_00569.png,03_extracted_images/pdf_embedded/law-1/02_visible_unique_images/xref_00569.png,84.315,351.815,296.361,495.538,413,294,35558330a0f676bfa5571401f3d5f362414b693191437594e2bd918e53ff9be3
PDF-LAW1-U008,1,32,LAW1-2_3_1,9,PDF 고유 이미지,xref:570,0,03_extracted_images/pdf_embedded/law-1/02_visible_unique_images/xref_00570.png,03_extracted_images/pdf_embedded/law-1/02_visible_unique_images/xref_00570.png,302.837,353.134,510.325,494.1,413,291,6238b7c35b72d1fd9aee1c4c01ddb9fe8a0d6a330f92c53b81025dcee4bd71e3
PDF-LAW1-U009,1,33,LAW1-2_3_2,14,PDF 고유 이미지,xref:726,0,03_extracted_images/pdf_embedded/law-1/02_visible_unique_images/xref_00726.png,03_extracted_images/pdf_embedded/law-1/02_visible_unique_images/xref_00726.png,0.0,841.0,0.0,841.0,378,265,11752668a46f8cf745cb8be2fb5cb88f8b9635a4c9f7c9974df24008777372c7
PDF-LAW1-U010,1,33,LAW1-2_3_2,14,PDF 고유 이미지,xref:727,0,03_extracted_images/pdf_embedded/law-1/02_visible_unique_images/xref_00727.png,03_extracted_images/pdf_embedded/law-1/02_visible_unique_images/xref_00727.png,76.879,602.101,281.489,745.344,378,265,efa4984d7f20791e75c9f057f76ab257eac1ac160d5a6150220ec7709d2d28fb
PDF-LAW1-U011,1,33,LAW1-2_3_2,14,PDF 고유 이미지,xref:728,0,03_extracted_images/pdf_embedded/law-1/02_visible_unique_images/xref_00728.png,03_extracted_images/pdf_embedded/law-1/02_visible_unique_images/xref_00728.png,0.0,841.0,0.0,841.0,378,265,7deb91af6518cd51236c73ecedb8dbe93b7fd0305edf601a7ce9ff20876b3c19
PDF-LAW1-U012,1,33,LAW1-2_3_2,14,PDF 고유 이미지,xref:729,0,03_extracted_images/pdf_embedded/law-1/02_visible_unique_images/xref_00729.png,03_extracted_images/pdf_embedded/law-1/02_visible_unique_images/xref_00729.png,76.879,452.745,281.489,595.988,378,265,9fae49d3dec81ef26650d280111db2392ae6ac0899d971e2555ad3ee91abe784
PDF-LAW1-U013,1,33,LAW1-2_3_2,14,PDF 고유 이미지,xref:730,0,03_extracted_images/pdf_embedded/law-1/02_visible_unique_images/xref_00730.png,03_extracted_images/pdf_embedded/law-1/02_visible_unique_images/xref_00730.png,0.0,841.0,0.0,841.0,378,265,5b66283f97d71719f8fd75cc402232d460687cc3f21d518087c8b34762eb7183
PDF-LAW1-U014,1,33,LAW1-2_3_2,14,PDF 고유 이미지,xref:731,0,03_extracted_images/pdf_embedded/law-1/02_visible_unique_images/xref_00731.png,03_extracted_images/pdf_embedded/law-1/02_visible_unique_images/xref_00731.png,76.879,303.508,281.489,446.751,378,265,5c516ed27453aa49b2fdcb250dcfc9320adfbc943cf45da8165995eae425a580
PDF-LAW1-U015,1,33,LAW1-2_3_2,14,PDF 고유 이미지,xref:732,0,03_extracted_images/pdf_embedded/law-1/02_visible_unique_images/xref_00732.png,03_extracted_images/pdf_embedded/law-1/02_visible_unique_images/xref_00732.png,0.0,841.0,0.0,841.0,378,265,741905b495f5152476d3f413459c8c4525444e88511ce182fecc1dac7e4e9fc8
PDF-LAW1-U016,1,33,LAW1-2_3_2,14,PDF 고유 이미지,xref:733,0,03_extracted_images/pdf_embedded/law-1/02_visible_unique_images/xref_00733.png,03_extracted_images/pdf_embedded/law-1/02_visible_unique_images/xref_00733.png,319.148,602.101,523.758,745.344,378,265,97e417234c35adc9937d6f6b7b8c3ce9f2de440e81f124bf9bf8ae4e987e004a
PDF-LAW1-U017,1,33,LAW1-2_3_2,14,PDF 고유 이미지,xref:734,0,03_extracted_images/pdf_embedded/law-1/02_visible_unique_images/xref_00734.png,03_extracted_images/pdf_embedded/law-1/02_visible_unique_images/xref_00734.png,0.0,841.0,0.0,841.0,378,265,be4f5b9ed6eaee0bf921d8e542a12a8d497992393729049097993714f41e641e
PDF-LAW1-U018,1,33,LAW1-2_3_2,14,PDF 고유 이미지,xref:735,0,03_extracted_images/pdf_embedded/law-1/02_visible_unique_images/xref_00735.png,03_extracted_images/pdf_embedded/law-1/02_visible_unique_images/xref_00735.png,319.148,452.745,523.758,595.988,378,265,64501f5afc215d2baab8f728a29c49817407f79e493686ffc4fc0c99ba0f910a
PDF-LAW1-U019,1,33,LAW1-2_3_2,14,PDF 고유 이미지,xref:736,0,03_extracted_images/pdf_embedded/law-1/02_visible_unique_images/xref_00736.png,03_extracted_images/pdf_embedded/law-1/02_visible_unique_images/xref_00736.png,0.0,841.0,0.0,841.0,378,265,2b74c5adc91c3df1b0fe745f7445b6b28a7f6de7ba02ef7e2882c92a28b79a56
PDF-LAW1-U020,1,33,LAW1-2_3_2,14,PDF 고유 이미지,xref:737,0,03_extracted_images/pdf_embedded/law-1/02_visible_unique_images/xref_00737.png,03_extracted_images/pdf_embedded/law-1/02_visible_unique_images/xref_00737.png,319.148,303.508,523.758,446.751,378,265,82edf8ef86d499b79904f245f68dac20e6696969d698ef9a4e07827918cad59d
PDF-LAW1-U021,1,33,LAW1-2_3_2,14,PDF 고유 이미지,xref:739,0,03_extracted_images/pdf_embedded/law-1/02_visible_unique_images/xref_00739.png,03_extracted_images/pdf_embedded/law-1/02_visible_unique_images/xref_00739.png,0.0,841.0,0.0,841.0,378,265,9b0be04496e008b6d985c2319602430ab345b05889432b1885aedba26c702e2f
PDF-LAW1-U022,1,33,LAW1-2_3_2,14,PDF 고유 이미지,xref:740,0,03_extracted_images/pdf_embedded/law-1/02_visible_unique_images/xref_00740.png,03_extracted_images/pdf_embedded/law-1/02_visible_unique_images/xref_00740.png,76.879,133.654,281.489,276.897,378,265,40efdee29bff17e78a1510ed7071f28f7957854b825cf65fec40e1ea58964404
PDF-LAW1-U023,1,33,LAW1-2_3_2,14,PDF 고유 이미지,xref:741,0,03_extracted_images/pdf_embedded/law-1/02_visible_unique_images/xref_00741.png,03_extracted_images/pdf_embedded/law-1/02_visible_unique_images/xref_00741.png,0.0,841.0,0.0,841.0,378,265,9b1817713b74b9db0c18c3ec6e4cec51ed8ca944d853715316c733f57f219eda
PDF-LAW1-U024,1,33,LAW1-2_3_2,14,PDF 고유 이미지,xref:742,0,03_extracted_images/pdf_embedded/law-1/02_visible_unique_images/xref_00742.png,03_extracted_images/pdf_embedded/law-1/02_visible_unique_images/xref_00742.png,319.148,133.654,523.758,276.897,378,265,917cac716855b37548499508d021e004cedb846aca2beeadcb694fd266500ab9
PDF-LAW1-U025,1,33,LAW1-2_3_2,15,PDF 고유 이미지,xref:763,0,03_extracted_images/pdf_embedded/law-1/02_visible_unique_images/xref_00763.png,03_extracted_images/pdf_embedded/law-1/02_visible_unique_images/xref_00763.png,73.88,384.06,274.772,538.451,268,221,4cd6ea83ee069ea70e0874a291a3d9dd70d402c69107dac60e6f040ebbe8b493
PDF-LAW1-U026,1,33,LAW1-2_3_2,15,PDF 고유 이미지,xref:764,0,03_extracted_images/pdf_embedded/law-1/02_visible_unique_images/xref_00764.png,03_extracted_images/pdf_embedded/law-1/02_visible_unique_images/xref_00764.png,317.949,384.06,518.841,538.451,268,221,53755851086665cf5d33392a801f95b1d7b42da33b87af3e741193b958eed070
PDF-LAW1-U027,1,33,LAW1-2_3_2,15,PDF 고유 이미지,xref:765,0,03_extracted_images/pdf_embedded/law-1/02_visible_unique_images/xref_00765.png,03_extracted_images/pdf_embedded/law-1/02_visible_unique_images/xref_00765.png,0.0,841.0,0.0,841.0,378,265,e2e6739573038e87778fb90e13fd591273a2edc73cb5303d7962c5658b59a96e
PDF-LAW1-U028,1,33,LAW1-2_3_2,15,PDF 고유 이미지,xref:766,0,03_extracted_images/pdf_embedded/law-1/02_visible_unique_images/xref_00766.png,03_extracted_images/pdf_embedded/law-1/02_visible_unique_images/xref_00766.png,76.879,623.078,281.489,766.321,378,265,17c67379e96f027e76cdd653b4558a8a04faaaa0c01a87d5f24cd111b5b26498
PDF-LAW1-U029,1,33,LAW1-2_3_2,15,PDF 고유 이미지,xref:773,0,03_extracted_images/pdf_embedded/law-1/02_visible_unique_images/xref_00773.png,03_extracted_images/pdf_embedded/law-1/02_visible_unique_images/xref_00773.png,0.0,841.0,0.0,841.0,378,265,6ba4ed1335fbe75942ce1eece4d4b3ed18014dd9560ad002f8ad0dac381e82a4
PDF-LAW1-U030,1,33,LAW1-2_3_2,15,PDF 고유 이미지,xref:774,0,03_extracted_images/pdf_embedded/law-1/02_visible_unique_images/xref_00774.png,03_extracted_images/pdf_embedded/law-1/02_visible_unique_images/xref_00774.png,319.148,623.078,523.758,766.321,378,265,73c9e698c510299fc3c0e6a1f929ccfdd0b1601e465fb8a8627650e85b68dc58
PDF-LAW1-U031,1,34,LAW1-2_3_3,16,PDF 고유 이미지,xref:786,0,03_extracted_images/pdf_embedded/law-1/02_visible_unique_images/xref_00786.png,03_extracted_images/pdf_embedded/law-1/02_visible_unique_images/xref_00786.png,0.0,841.0,0.0,841.0,903,632,313fe6be51559e02ec1321f8053309025a663960772bac5bfcd44eba29beddd1
PDF-LAW1-U032,1,34,LAW1-2_3_3,16,PDF 고유 이미지,xref:787,0,03_extracted_images/pdf_embedded/law-1/02_visible_unique_images/xref_00787.png,03_extracted_images/pdf_embedded/law-1/02_visible_unique_images/xref_00787.png,86.114,588.436,302.718,739.95,903,632,a08903e67e7e5c7d3d1ff56f922e5b7662e7195490a45ca5c76e89a873be7513
PDF-LAW1-U033,1,34,LAW1-2_3_3,16,PDF 고유 이미지,xref:788,0,03_extracted_images/pdf_embedded/law-1/02_visible_unique_images/xref_00788.png,03_extracted_images/pdf_embedded/law-1/02_visible_unique_images/xref_00788.png,0.0,841.0,0.0,841.0,903,632,d004712b04acb4a25075542d24fb6b62e71cecc40af8c63cad7782cfeb008f7f
PDF-LAW1-U034,1,34,LAW1-2_3_3,16,PDF 고유 이미지,xref:789,0,03_extracted_images/pdf_embedded/law-1/02_visible_unique_images/xref_00789.png,03_extracted_images/pdf_embedded/law-1/02_visible_unique_images/xref_00789.png,330.182,588.436,546.786,739.95,903,632,11c52617d40f99f235a1d3f077359683ec42a52c525355b9e754f0de3c610bef
PDF-LAW1-U035,1,39,LAW1-2_5_3,21,PDF 고유 이미지,xref:880,0,03_extracted_images/pdf_embedded/law-1/02_visible_unique_images/xref_00880.png,03_extracted_images/pdf_embedded/law-1/02_visible_unique_images/xref_00880.png,267.816,226.792,282.328,243.334,123,138,51c88fb2b831b7e7888db943c95a4a2f5e7c3af46d3fd561c9275b3fdf7570a5
PDF-LAW1-U036,1,39,LAW1-2_5_3,21,PDF 고유 이미지,xref:882,0,03_extracted_images/pdf_embedded/law-1/02_visible_unique_images/xref_00882.png,03_extracted_images/pdf_embedded/law-1/02_visible_unique_images/xref_00882.png,437.165,226.792,451.677,243.334,123,138,160c814e9675afcf78cf1549fdca59bab49510fe6cd4ffaf8fbfdc8848757afc
PDF-LAW1-U037,1,65,LAW1-3_3_2,38,PDF 고유 이미지,xref:1158,0,03_extracted_images/pdf_embedded/law-1/02_visible_unique_images/xref_01158.png,03_extracted_images/pdf_embedded/law-1/02_visible_unique_images/xref_01158.png,0.0,841.0,0.0,841.0,827,567,a2d283d9038b2c85d995d4ecea3e7887ef395fe4523399c8795a932f47cbe9d5
PDF-LAW1-U038,1,65,LAW1-3_3_2,38,PDF 고유 이미지,xref:1159,0,03_extracted_images/pdf_embedded/law-1/02_visible_unique_images/xref_01159.png,03_extracted_images/pdf_embedded/law-1/02_visible_unique_images/xref_01159.png,78.318,380.704,276.691,516.635,827,567,f80215d9fa26f262956ce172d825a6e9eab2033fee3e950b83481dace0343278
PDF-LAW1-U039,1,65,LAW1-3_3_2,38,PDF 고유 이미지,xref:1160,0,03_extracted_images/pdf_embedded/law-1/02_visible_unique_images/xref_01160.png,03_extracted_images/pdf_embedded/law-1/02_visible_unique_images/xref_01160.png,0.0,841.0,0.0,841.0,378,265,7deb91af6518cd51236c73ecedb8dbe93b7fd0305edf601a7ce9ff20876b3c19
PDF-LAW1-U040,1,65,LAW1-3_3_2,38,PDF 고유 이미지,xref:1161,0,03_extracted_images/pdf_embedded/law-1/02_visible_unique_images/xref_01161.png,03_extracted_images/pdf_embedded/law-1/02_visible_unique_images/xref_01161.png,75.799,238.899,274.172,374.83,378,265,d9deac6e47c1d09a03b1bd2ccc0a430328ecda941c0b515ad24e192ff9552dca
PDF-LAW1-U041,1,65,LAW1-3_3_2,38,PDF 고유 이미지,xref:1162,0,03_extracted_images/pdf_embedded/law-1/02_visible_unique_images/xref_01162.png,03_extracted_images/pdf_embedded/law-1/02_visible_unique_images/xref_01162.png,0.0,841.0,0.0,841.0,827,567,9604a54448ed129e6de8e2719632d38549de26e6b6363cd221bcfc5f29dff306
PDF-LAW1-U042,1,65,LAW1-3_3_2,38,PDF 고유 이미지,xref:1163,0,03_extracted_images/pdf_embedded/law-1/02_visible_unique_images/xref_01163.png,03_extracted_images/pdf_embedded/law-1/02_visible_unique_images/xref_01163.png,75.799,96.974,274.172,232.905,827,567,dba306039281202a91bd44249da3fa7ffd9c62ee32c9a84966b9ba64c30f9e7c
PDF-LAW1-U043,1,65,LAW1-3_3_2,38,PDF 고유 이미지,xref:1166,0,03_extracted_images/pdf_embedded/law-1/02_visible_unique_images/xref_01166.png,03_extracted_images/pdf_embedded/law-1/02_visible_unique_images/xref_01166.png,0.0,841.0,0.0,841.0,1182,827,9af1617eec687d66676b5c338efb35d1cc241442b0ef9a2aede7f90148f7f5ab
PDF-LAW1-U044,1,65,LAW1-3_3_2,38,PDF 고유 이미지,xref:1167,0,03_extracted_images/pdf_embedded/law-1/02_visible_unique_images/xref_01167.png,03_extracted_images/pdf_embedded/law-1/02_visible_unique_images/xref_01167.png,320.827,380.704,519.2,516.635,1182,827,73d7c5c6fbace54443d3df38dc0daf698cd33ca887f8abcb5b1557b988c70f0b
PDF-LAW1-U045,1,65,LAW1-3_3_2,38,PDF 고유 이미지,xref:1168,0,03_extracted_images/pdf_embedded/law-1/02_visible_unique_images/xref_01168.png,03_extracted_images/pdf_embedded/law-1/02_visible_unique_images/xref_01168.png,0.0,841.0,0.0,841.0,378,265,db6da04ee1678c44b6e0c82feb807a1b6b2e30b759a4d8c71476d94c9c7deae0
PDF-LAW1-U046,1,65,LAW1-3_3_2,38,PDF 고유 이미지,xref:1169,0,03_extracted_images/pdf_embedded/law-1/02_visible_unique_images/xref_01169.png,03_extracted_images/pdf_embedded/law-1/02_visible_unique_images/xref_01169.png,320.827,238.899,519.2,374.83,378,265,95d69951adbd6eb7780a7c6e1e4f6b6cca40db8c47b3b8f0bb643d338929fd26
PDF-LAW1-U047,1,65,LAW1-3_3_2,38,PDF 고유 이미지,xref:1170,0,03_extracted_images/pdf_embedded/law-1/02_visible_unique_images/xref_01170.png,03_extracted_images/pdf_embedded/law-1/02_visible_unique_images/xref_01170.png,0.0,841.0,0.0,841.0,827,567,49afe3cb73f20522fb53a4964db993aa1819e747b22a4d868f219e8320e14239
PDF-LAW1-U048,1,65,LAW1-3_3_2,38,PDF 고유 이미지,xref:1171,0,03_extracted_images/pdf_embedded/law-1/02_visible_unique_images/xref_01171.png,03_extracted_images/pdf_embedded/law-1/02_visible_unique_images/xref_01171.png,320.827,96.974,519.2,232.905,827,567,4d743e7fc11925b77b8680143b6cb22aa540dfeda71dd7cef571e954959fe2ba
PDF-LAW1-U049,1,65,LAW1-3_3_2,39,PDF 고유 이미지,xref:1188,0,03_extracted_images/pdf_embedded/law-1/02_visible_unique_images/xref_01188.png,03_extracted_images/pdf_embedded/law-1/02_visible_unique_images/xref_01188.png,0.0,841.0,0.0,841.0,1182,827,ce85e6c7be1aa8e8998bcf9aad3eb139235237ef1d77b3b07cea6ec9b7146dbb
PDF-LAW1-U050,1,65,LAW1-3_3_2,39,PDF 고유 이미지,xref:1189,0,03_extracted_images/pdf_embedded/law-1/02_visible_unique_images/xref_01189.png,03_extracted_images/pdf_embedded/law-1/02_visible_unique_images/xref_01189.png,75.799,595.868,274.172,731.799,1182,827,34c0f8aaa112c78c31e01322415ea625fd0aa4b9535e808a5247d17c45f9e166
PDF-LAW1-U051,1,65,LAW1-3_3_2,39,PDF 고유 이미지,xref:1190,0,03_extracted_images/pdf_embedded/law-1/02_visible_unique_images/xref_01190.png,03_extracted_images/pdf_embedded/law-1/02_visible_unique_images/xref_01190.png,0.0,841.0,0.0,841.0,827,567,63afd2613080c6dd5d3d9db084b18e7782a66414594041e740fcccfa8592f761
PDF-LAW1-U052,1,65,LAW1-3_3_2,39,PDF 고유 이미지,xref:1191,0,03_extracted_images/pdf_embedded/law-1/02_visible_unique_images/xref_01191.png,03_extracted_images/pdf_embedded/law-1/02_visible_unique_images/xref_01191.png,75.799,454.063,274.172,589.994,827,567,7bd3dd90aea59351ff4603b14fcac7f18e2729927e8e6ec50699a30d683618b0
PDF-LAW1-U053,1,65,LAW1-3_3_2,39,PDF 고유 이미지,xref:1192,0,03_extracted_images/pdf_embedded/law-1/02_visible_unique_images/xref_01192.png,03_extracted_images/pdf_embedded/law-1/02_visible_unique_images/xref_01192.png,0.0,841.0,0.0,841.0,827,567,d9e6b91777b240a3a41155ab7523af0f7ebdc2b72d94f2be7b68d23e0b44eb81
PDF-LAW1-U054,1,65,LAW1-3_3_2,39,PDF 고유 이미지,xref:1193,0,03_extracted_images/pdf_embedded/law-1/02_visible_unique_images/xref_01193.png,03_extracted_images/pdf_embedded/law-1/02_visible_unique_images/xref_01193.png,320.827,595.868,519.2,731.799,827,567,dea01b3eddc7d43837871b92f0da82631acc7c9e01f97f162d00fef4657bcfdb
PDF-LAW1-U055,1,65,LAW1-3_3_2,39,PDF 고유 이미지,xref:1194,0,03_extracted_images/pdf_embedded/law-1/02_visible_unique_images/xref_01194.png,03_extracted_images/pdf_embedded/law-1/02_visible_unique_images/xref_01194.png,0.0,841.0,0.0,841.0,827,567,9c4fd1d3b854e440df42d25a89460caba46eff6bc1f5728dac15658667d86385
PDF-LAW1-U056,1,65,LAW1-3_3_2,39,PDF 고유 이미지,xref:1195,0,03_extracted_images/pdf_embedded/law-1/02_visible_unique_images/xref_01195.png,03_extracted_images/pdf_embedded/law-1/02_visible_unique_images/xref_01195.png,320.827,454.063,519.2,589.994,827,567,f456f68e3e093adb108a0d59a8e378e452ceaf58f991c75a983b85abc31c7124
PDF-LAW1-U057,1,66,LAW1-3_3_3,40,PDF 고유 이미지,xref:1208,0,03_extracted_images/pdf_embedded/law-1/02_visible_unique_images/xref_01208.png,03_extracted_images/pdf_embedded/law-1/02_visible_unique_images/xref_01208.png,0.0,841.0,0.0,841.0,903,632,313fe6be51559e02ec1321f8053309025a663960772bac5bfcd44eba29beddd1
PDF-LAW1-U058,1,66,LAW1-3_3_3,40,PDF 고유 이미지,xref:1209,0,03_extracted_images/pdf_embedded/law-1/02_visible_unique_images/xref_01209.png,03_extracted_images/pdf_embedded/law-1/02_visible_unique_images/xref_01209.png,0.0,841.0,0.0,841.0,903,632,d004712b04acb4a25075542d24fb6b62e71cecc40af8c63cad7782cfeb008f7f
PDF-LAW1-U059,1,98,LAW1-4_3_2,59,PDF 고유 이미지,xref:1330,0,03_extracted_images/pdf_embedded/law-1/02_visible_unique_images/xref_01330.png,03_extracted_images/pdf_embedded/law-1/02_visible_unique_images/xref_01330.png,0.0,841.0,0.0,841.0,378,265,11752668a46f8cf745cb8be2fb5cb88f8b9635a4c9f7c9974df24008777372c7
PDF-LAW1-U060,1,98,LAW1-4_3_2,59,PDF 고유 이미지,xref:1331,0,03_extracted_images/pdf_embedded/law-1/02_visible_unique_images/xref_01331.png,03_extracted_images/pdf_embedded/law-1/02_visible_unique_images/xref_01331.png,0.0,841.0,0.0,841.0,378,265,7deb91af6518cd51236c73ecedb8dbe93b7fd0305edf601a7ce9ff20876b3c19
PDF-LAW1-U061,1,98,LAW1-4_3_2,59,PDF 고유 이미지,xref:1332,0,03_extracted_images/pdf_embedded/law-1/02_visible_unique_images/xref_01332.png,03_extracted_images/pdf_embedded/law-1/02_visible_unique_images/xref_01332.png,0.0,841.0,0.0,841.0,378,265,5b66283f97d71719f8fd75cc402232d460687cc3f21d518087c8b34762eb7183
PDF-LAW1-U062,1,98,LAW1-4_3_2,59,PDF 고유 이미지,xref:1333,0,03_extracted_images/pdf_embedded/law-1/02_visible_unique_images/xref_01333.png,03_extracted_images/pdf_embedded/law-1/02_visible_unique_images/xref_01333.png,0.0,841.0,0.0,841.0,378,265,741905b495f5152476d3f413459c8c4525444e88511ce182fecc1dac7e4e9fc8
PDF-LAW1-U063,1,98,LAW1-4_3_2,59,PDF 고유 이미지,xref:1334,0,03_extracted_images/pdf_embedded/law-1/02_visible_unique_images/xref_01334.png,03_extracted_images/pdf_embedded/law-1/02_visible_unique_images/xref_01334.png,0.0,841.0,0.0,841.0,378,265,be4f5b9ed6eaee0bf921d8e542a12a8d497992393729049097993714f41e641e
PDF-LAW1-U064,1,98,LAW1-4_3_2,59,PDF 고유 이미지,xref:1335,0,03_extracted_images/pdf_embedded/law-1/02_visible_unique_images/xref_01335.png,03_extracted_images/pdf_embedded/law-1/02_visible_unique_images/xref_01335.png,0.0,841.0,0.0,841.0,378,265,2b74c5adc91c3df1b0fe745f7445b6b28a7f6de7ba02ef7e2882c92a28b79a56
PDF-LAW1-U065,1,98,LAW1-4_3_2,60,PDF 고유 이미지,xref:1346,0,03_extracted_images/pdf_embedded/law-1/02_visible_unique_images/xref_01346.png,03_extracted_images/pdf_embedded/law-1/02_visible_unique_images/xref_01346.png,0.0,841.0,0.0,841.0,378,265,9b0be04496e008b6d985c2319602430ab345b05889432b1885aedba26c702e2f
PDF-LAW1-U066,1,98,LAW1-4_3_2,60,PDF 고유 이미지,xref:1347,0,03_extracted_images/pdf_embedded/law-1/02_visible_unique_images/xref_01347.png,03_extracted_images/pdf_embedded/law-1/02_visible_unique_images/xref_01347.png,0.0,841.0,0.0,841.0,378,265,e2e6739573038e87778fb90e13fd591273a2edc73cb5303d7962c5658b59a96e
PDF-LAW1-U067,1,98,LAW1-4_3_2,60,PDF 고유 이미지,xref:1348,0,03_extracted_images/pdf_embedded/law-1/02_visible_unique_images/xref_01348.png,03_extracted_images/pdf_embedded/law-1/02_visible_unique_images/xref_01348.png,0.0,841.0,0.0,841.0,378,265,9b1817713b74b9db0c18c3ec6e4cec51ed8ca944d853715316c733f57f219eda
PDF-LAW1-U068,1,98,LAW1-4_3_2,60,PDF 고유 이미지,xref:1349,0,03_extracted_images/pdf_embedded/law-1/02_visible_unique_images/xref_01349.png,03_extracted_images/pdf_embedded/law-1/02_visible_unique_images/xref_01349.png,0.0,841.0,0.0,841.0,378,265,6ba4ed1335fbe75942ce1eece4d4b3ed18014dd9560ad002f8ad0dac381e82a4
PDF-LAW1-U069,1,99,LAW1-4_3_3,61,PDF 고유 이미지,xref:1358,0,03_extracted_images/pdf_embedded/law-1/02_visible_unique_images/xref_01358.png,03_extracted_images/pdf_embedded/law-1/02_visible_unique_images/xref_01358.png,0.0,841.0,0.0,841.0,903,632,313fe6be51559e02ec1321f8053309025a663960772bac5bfcd44eba29beddd1
PDF-LAW1-U070,1,99,LAW1-4_3_3,61,PDF 고유 이미지,xref:1359,0,03_extracted_images/pdf_embedded/law-1/02_visible_unique_images/xref_01359.png,03_extracted_images/pdf_embedded/law-1/02_visible_unique_images/xref_01359.png,0.0,841.0,0.0,841.0,903,632,d004712b04acb4a25075542d24fb6b62e71cecc40af8c63cad7782cfeb008f7f
PDF-LAW1-U071,1,100,LAW1-4_4_1,64,PDF 고유 이미지,xref:1376,0,03_extracted_images/pdf_embedded/law-1/02_visible_unique_images/xref_01376.png,03_extracted_images/pdf_embedded/law-1/02_visible_unique_images/xref_01376.png,77.238,505.727,306.315,656.282,511,336,03d0c06105eb7de5ad4c2f7180e987052af3ca590c1ef67ef8a36221de5be731
PDF-LAW1-U072,1,100,LAW1-4_4_1,64,PDF 고유 이미지,xref:1377,0,03_extracted_images/pdf_embedded/law-1/02_visible_unique_images/xref_01377.png,03_extracted_images/pdf_embedded/law-1/02_visible_unique_images/xref_01377.png,319.508,510.402,530.355,651.608,501,336,022071ee20f0a83afdd55a3914b1211e099dbced73c55eaf3b8c55f80a3b91c2
PDF-LAW1-U073,1,109,LAW1-4_7_4,69,PDF 고유 이미지,xref:1433,0,03_extracted_images/pdf_embedded/law-1/02_visible_unique_images/xref_01433.png,03_extracted_images/pdf_embedded/law-1/02_visible_unique_images/xref_01433.png,112.02,646.693,127.971,659.399,135,106,ad0014bf0a260b5d5c749f7ccc2b7f014c84a065512fd6b33a1574c72524f7e4
PDF-LAW1-U074,1,109,LAW1-4_7_4,69,PDF 고유 이미지,xref:1444,0,03_extracted_images/pdf_embedded/law-1/02_visible_unique_images/xref_01444.png,03_extracted_images/pdf_embedded/law-1/02_visible_unique_images/xref_01444.png,298.4,590.114,309.554,602.82,95,106,61db8c68b6a6cfcccdbd6f0937a30c714bdec4db4ef459f1bd67b10b9dd9240b
OCC-LAW1-001,1,4,LAW1-1_3_1,2,페이지 배치 이미지,xref:233;occurrence:1,0,04_visuals/image_context_crops/law-1_p002_occ001_xref00233.png,04_visuals/image_context_crops/law-1_p002_occ001_xref00233.png,76.707,452.92,334.312,599.168,788,448,7957933e4bba521c0ad56c40d1abaed65a5fb4ba6a5ddfacb430641578ce8a16
OCC-LAW1-002,1,4,LAW1-1_3_1,2,페이지 배치 이미지,xref:234;occurrence:2,0,04_visuals/image_context_crops/law-1_p002_occ002_xref00234.png,04_visuals/image_context_crops/law-1_p002_occ002_xref00234.png,300.387,440.694,565.188,611.395,810,523,6bc860f4413b9adb6f87a6d4f80ae5640a611d024dcd35c660578d09863a9d85
OCC-LAW1-003,1,4,LAW1-1_3_1,2,페이지 배치 이미지,xref:248;occurrence:3,0,04_visuals/image_context_crops/law-1_p002_occ003_xref00248.png,04_visuals/image_context_crops/law-1_p002_occ003_xref00248.png,100.334,67.782,494.666,290.866,1206,683,f305abe9a797c7bb48781690f324e7631d59ec73cc7a8694feb59e9db30b3952
OCC-LAW1-004,1,5,LAW1-1_3_2,3,페이지 배치 이미지,xref:260;occurrence:4,0,04_visuals/image_context_crops/law-1_p003_occ004_xref00260.png,04_visuals/image_context_crops/law-1_p003_occ004_xref00260.png,149.748,401.257,445.013,631.893,903,706,ef28d4ab6723791a5eae7a39a931849dd22bb2fc81782ad6af17425c3b4f3360
OCC-LAW1-005,1,31,LAW1-2_2_4,8,페이지 배치 이미지,xref:533;occurrence:5,0,04_visuals/image_context_crops/law-1_p008_occ005_xref00533.png,04_visuals/image_context_crops/law-1_p008_occ005_xref00533.png,39.167,595.684,555.713,741.333,1580,446,d1c6327394cadefe31b90386002c4944c353f69eafa5eae4eabfcfac4dc868db
OCC-LAW1-006,1,31,LAW1-2_2_4,8,페이지 배치 이미지,xref:534;occurrence:6,0,04_visuals/image_context_crops/law-1_p008_occ006_xref00534.png,04_visuals/image_context_crops/law-1_p008_occ006_xref00534.png,39.167,395.743,555.713,596.531,1580,615,7acf3dab7fe681505d3983c79389dca2c244bf9fdef853696528a557c45b3027
OCC-LAW1-007,1,32,LAW1-2_3_1,9,페이지 배치 이미지,xref:569;occurrence:7,0,04_visuals/image_context_crops/law-1_p009_occ007_xref00569.png,04_visuals/image_context_crops/law-1_p009_occ007_xref00569.png,62.315,329.815,318.361,517.538,783,574,b385bfdd1fa3dfe35112b04fe27da52a2fb141f9d2caca8c821e08451ea03907
OCC-LAW1-008,1,32,LAW1-2_3_1,9,페이지 배치 이미지,xref:570;occurrence:8,0,04_visuals/image_context_crops/law-1_p009_occ008_xref00570.png,04_visuals/image_context_crops/law-1_p009_occ008_xref00570.png,280.837,331.134,532.325,516.1,769,566,fa2db7ce9ef766c11c6dfffe395557175d9e7e93e349dd04ecdfb72e4a3a46ba
OCC-LAW1-010,1,33,LAW1-2_3_2,14,페이지 배치 이미지,xref:727;occurrence:9,0,04_visuals/image_context_crops/law-1_p014_occ010_xref00727.png,04_visuals/image_context_crops/law-1_p014_occ010_xref00727.png,54.879,580.101,303.489,767.344,761,573,888790044c37b37a5da3cfe4c2093be99b445130d8b6ff695fc3557c70ee07ec
OCC-LAW1-012,1,33,LAW1-2_3_2,14,페이지 배치 이미지,xref:729;occurrence:10,0,04_visuals/image_context_crops/law-1_p014_occ012_xref00729.png,04_visuals/image_context_crops/law-1_p014_occ012_xref00729.png,54.879,430.745,303.489,617.988,761,573,6bac16925dc886e6408f3bde20f3d4979ec8c5f39613b2dc083d5a9d915107e6
OCC-LAW1-014,1,33,LAW1-2_3_2,14,페이지 배치 이미지,xref:731;occurrence:11,0,04_visuals/image_context_crops/law-1_p014_occ014_xref00731.png,04_visuals/image_context_crops/law-1_p014_occ014_xref00731.png,54.879,281.508,303.489,468.751,761,573,2b1d92e80f6e58e8d9aa152943068dd5d834cbda96273f37800310c6993c451e
OCC-LAW1-016,1,33,LAW1-2_3_2,14,페이지 배치 이미지,xref:733;occurrence:12,0,04_visuals/image_context_crops/law-1_p014_occ016_xref00733.png,04_visuals/image_context_crops/law-1_p014_occ016_xref00733.png,297.148,580.101,545.758,767.344,761,573,987752efdb450fa768b265db2d99ee66dacc500a7945b519abd29fc28e7b960a
OCC-LAW1-018,1,33,LAW1-2_3_2,14,페이지 배치 이미지,xref:735;occurrence:13,0,04_visuals/image_context_crops/law-1_p014_occ018_xref00735.png,04_visuals/image_context_crops/law-1_p014_occ018_xref00735.png,297.148,430.745,545.758,617.988,761,573,da401a31d2916f13901ccd632ec97ab768b7632702550aa5cadfac76f495c820
OCC-LAW1-020,1,33,LAW1-2_3_2,14,페이지 배치 이미지,xref:737;occurrence:14,0,04_visuals/image_context_crops/law-1_p014_occ020_xref00737.png,04_visuals/image_context_crops/law-1_p014_occ020_xref00737.png,297.148,281.508,545.758,468.751,761,573,a6378d96f985b5c0522ffb401121cb09ff1adb9a4cc42c7852ad57568e52dabf
OCC-LAW1-022,1,33,LAW1-2_3_2,14,페이지 배치 이미지,xref:740;occurrence:15,0,04_visuals/image_context_crops/law-1_p014_occ022_xref00740.png,04_visuals/image_context_crops/law-1_p014_occ022_xref00740.png,54.879,111.654,303.489,298.897,761,573,6605013790eb0a2324c00961387275459b9970f859f676970dcb6a99cdb1ddbf
OCC-LAW1-024,1,33,LAW1-2_3_2,14,페이지 배치 이미지,xref:742;occurrence:16,0,04_visuals/image_context_crops/law-1_p014_occ024_xref00742.png,04_visuals/image_context_crops/law-1_p014_occ024_xref00742.png,297.148,111.654,545.758,298.897,761,573,67495fc7d742a683e811b3d2aa8916af1d456f546ea5c42dcbaf1d404ce1d7db
OCC-LAW1-025,1,33,LAW1-2_3_2,15,페이지 배치 이미지,xref:763;occurrence:17,0,04_visuals/image_context_crops/law-1_p015_occ025_xref00763.png,04_visuals/image_context_crops/law-1_p015_occ025_xref00763.png,51.88,362.06,296.772,560.451,749,607,dfaf2d0257843257f06fb614f40364f0e918033269666a53eeca4bd46ce3b981
OCC-LAW1-026,1,33,LAW1-2_3_2,15,페이지 배치 이미지,xref:764;occurrence:18,0,04_visuals/image_context_crops/law-1_p015_occ026_xref00764.png,04_visuals/image_context_crops/law-1_p015_occ026_xref00764.png,295.949,362.06,540.841,560.451,749,607,b51fd58b0f69c586af1686891a21ab5149debb90d546e514194d88d80a7f22bf
OCC-LAW1-028,1,33,LAW1-2_3_2,15,페이지 배치 이미지,xref:766;occurrence:19,0,04_visuals/image_context_crops/law-1_p015_occ028_xref00766.png,04_visuals/image_context_crops/law-1_p015_occ028_xref00766.png,54.879,601.078,303.489,788.321,761,574,35d76a79a6a1cecf74234761cd1f811c34e51f76142258a3b4feb0c714f8e4ca
OCC-LAW1-030,1,33,LAW1-2_3_2,15,페이지 배치 이미지,xref:774;occurrence:20,0,04_visuals/image_context_crops/law-1_p015_occ030_xref00774.png,04_visuals/image_context_crops/law-1_p015_occ030_xref00774.png,297.148,601.078,545.758,788.321,761,574,7630fffdac1c81200795b8468bc10d5c6f9d036eb5fb169de107621b2c8cf1e2
OCC-LAW1-032,1,34,LAW1-2_3_3,16,페이지 배치 이미지,xref:787;occurrence:21,0,04_visuals/image_context_crops/law-1_p016_occ032_xref00787.png,04_visuals/image_context_crops/law-1_p016_occ032_xref00787.png,64.114,566.436,324.718,761.95,798,598,e0146da5505a57ea70d1c2025075bfc53f263885f17b2d9b287733dff745419e
OCC-LAW1-034,1,34,LAW1-2_3_3,16,페이지 배치 이미지,xref:789;occurrence:22,0,04_visuals/image_context_crops/law-1_p016_occ034_xref00789.png,04_visuals/image_context_crops/law-1_p016_occ034_xref00789.png,308.182,566.436,568.786,761.95,797,598,8a74054df31f96d9fe308b9d3cfd0610bc64bd9b9bc4b554b3fa1604a707ee89
OCC-LAW1-035,1,39,LAW1-2_5_3,21,페이지 배치 이미지,xref:880;occurrence:23,0,04_visuals/image_context_crops/law-1_p021_occ035_xref00880.png,04_visuals/image_context_crops/law-1_p021_occ035_xref00880.png,245.816,204.792,304.328,265.334,179,186,f1af3f0764bf8f7baa8f326f05ec1e4b826dfec76e6df72c247012eb66067f40
OCC-LAW1-036,1,39,LAW1-2_5_3,21,페이지 배치 이미지,xref:882;occurrence:24,0,04_visuals/image_context_crops/law-1_p021_occ036_xref00882.png,04_visuals/image_context_crops/law-1_p021_occ036_xref00882.png,415.165,204.792,473.677,265.334,180,186,502e3fd244e12bf7d7c51dfe44afb30a68850f56cd77e29fd77c58e314de12fc
OCC-LAW1-037,1,63,LAW1-3_2_2,32,페이지 배치 이미지,xref:533;occurrence:25,0,04_visuals/image_context_crops/law-1_p032_occ037_xref00533.png,04_visuals/image_context_crops/law-1_p032_occ037_xref00533.png,28.973,517.53,545.519,663.179,1579,446,30b6b1314b1a6cad8f6d42d671702e665ed169b8f80c1c1a4b41326c217b77da
OCC-LAW1-038,1,64,LAW1-3_3_1,33,페이지 배치 이미지,xref:569;occurrence:26,0,04_visuals/image_context_crops/law-1_p033_occ038_xref00569.png,04_visuals/image_context_crops/law-1_p033_occ038_xref00569.png,73.349,372.728,303.369,542.83,703,520,a0eafcaf70b1870f8c1fc655739194d38fb4650374a4188e4a81b332ed6b9120
OCC-LAW1-039,1,64,LAW1-3_3_1,33,페이지 배치 이미지,xref:570;occurrence:27,0,04_visuals/image_context_crops/law-1_p033_occ039_xref00570.png,04_visuals/image_context_crops/law-1_p033_occ039_xref00570.png,293.79,374.167,519.252,541.392,690,512,54cd9e81dc6e91438c6ebb04a40c39ab63e0f6c8db0dbe0ac242f85b27d239e8
OCC-LAW1-041,1,65,LAW1-3_3_2,38,페이지 배치 이미지,xref:1159;occurrence:28,0,04_visuals/image_context_crops/law-1_p038_occ041_xref01159.png,04_visuals/image_context_crops/law-1_p038_occ041_xref01159.png,56.318,358.704,298.691,538.635,741,551,64937fce1ffee6db62d1447e943c99590c08dcc4efefa3a633a74b87134d7326
OCC-LAW1-043,1,65,LAW1-3_3_2,38,페이지 배치 이미지,xref:1161;occurrence:29,0,04_visuals/image_context_crops/law-1_p038_occ043_xref01161.png,04_visuals/image_context_crops/law-1_p038_occ043_xref01161.png,53.799,216.899,296.172,396.83,741,550,e2ae31110007be430c09ed25a2c28c6bfa97be121fde0ff4ea7700e2739b713b
OCC-LAW1-045,1,65,LAW1-3_3_2,38,페이지 배치 이미지,xref:1163;occurrence:30,0,04_visuals/image_context_crops/law-1_p038_occ045_xref01163.png,04_visuals/image_context_crops/law-1_p038_occ045_xref01163.png,53.799,74.974,296.172,254.905,741,551,b7fc95a8d4c32afa8e5ccfdbde6143b61d80e1a3085b033f13d0300716c44423
OCC-LAW1-047,1,65,LAW1-3_3_2,38,페이지 배치 이미지,xref:1167;occurrence:31,0,04_visuals/image_context_crops/law-1_p038_occ047_xref01167.png,04_visuals/image_context_crops/law-1_p038_occ047_xref01167.png,298.827,358.704,541.2,538.635,741,551,e563cf6e3acc373d0fcb0931dd995d24ba276ca04149036a8f4fa1edae316c02
OCC-LAW1-049,1,65,LAW1-3_3_2,38,페이지 배치 이미지,xref:1169;occurrence:32,0,04_visuals/image_context_crops/law-1_p038_occ049_xref01169.png,04_visuals/image_context_crops/law-1_p038_occ049_xref01169.png,298.827,216.899,541.2,396.83,741,550,eed64a82d8cabd78768d01778225b3f89d9b45ebebc8a74882e5694e5c4231f5
OCC-LAW1-051,1,65,LAW1-3_3_2,38,페이지 배치 이미지,xref:1171;occurrence:33,0,04_visuals/image_context_crops/law-1_p038_occ051_xref01171.png,04_visuals/image_context_crops/law-1_p038_occ051_xref01171.png,298.827,74.974,541.2,254.905,741,551,858ba0b99bb32bbc7842ef4c230f3e175e0b969782f2a68dc202b67ffed01728
OCC-LAW1-053,1,65,LAW1-3_3_2,39,페이지 배치 이미지,xref:1189;occurrence:34,0,04_visuals/image_context_crops/law-1_p039_occ053_xref01189.png,04_visuals/image_context_crops/law-1_p039_occ053_xref01189.png,53.799,573.868,296.172,753.799,741,551,ef689b07b047c0efb9fbd74fe3ac17b194d2186b45de6a715e134d75d5a83e51
OCC-LAW1-055,1,65,LAW1-3_3_2,39,페이지 배치 이미지,xref:1191;occurrence:35,0,04_visuals/image_context_crops/law-1_p039_occ055_xref01191.png,04_visuals/image_context_crops/law-1_p039_occ055_xref01191.png,53.799,432.063,296.172,611.994,741,551,bd8cba0e3f7fdb116d761ebc03208b857628020e42586a221df10a5474773fa5
OCC-LAW1-057,1,65,LAW1-3_3_2,39,페이지 배치 이미지,xref:1193;occurrence:36,0,04_visuals/image_context_crops/law-1_p039_occ057_xref01193.png,04_visuals/image_context_crops/law-1_p039_occ057_xref01193.png,298.827,573.868,541.2,753.799,741,551,dce6cd347c85e1405f6f37103e518e8a16ef40e50c5bac1fb33d3baef46a2e99
OCC-LAW1-059,1,65,LAW1-3_3_2,39,페이지 배치 이미지,xref:1195;occurrence:37,0,04_visuals/image_context_crops/law-1_p039_occ059_xref01195.png,04_visuals/image_context_crops/law-1_p039_occ059_xref01195.png,298.827,432.063,541.2,611.994,741,551,d7ec1c42e0379fc0693f32c7ac48ed4f347e5ee0d1cf8e360b3992be96b3dd1d
OCC-LAW1-060,1,65,LAW1-3_3_2,39,페이지 배치 이미지,xref:763;occurrence:38,0,04_visuals/image_context_crops/law-1_p039_occ060_xref00763.png,04_visuals/image_context_crops/law-1_p039_occ060_xref00763.png,52.96,191.606,297.852,389.997,750,607,a95d9461b29a1511d209a58aab11b066dae7c03bc14ed5df65b16e5f30c2d9c5
OCC-LAW1-061,1,65,LAW1-3_3_2,39,페이지 배치 이미지,xref:764;occurrence:39,0,04_visuals/image_context_crops/law-1_p039_occ061_xref00764.png,04_visuals/image_context_crops/law-1_p039_occ061_xref00764.png,297.028,191.606,541.92,389.997,749,607,cef2e4d2cafe8f3ed966bf7159c02f2409aed48e49330ae14b6498f35fa40885
OCC-LAW1-064,1,66,LAW1-3_3_3,40,페이지 배치 이미지,xref:787;occurrence:40,0,04_visuals/image_context_crops/law-1_p040_occ064_xref00787.png,04_visuals/image_context_crops/law-1_p040_occ064_xref00787.png,46.603,563.679,307.207,759.193,797,599,fc1b7549f31b74acf7aa8df28cbc3a79e4143f224cc416913f197461c40cf54d
OCC-LAW1-065,1,66,LAW1-3_3_3,40,페이지 배치 이미지,xref:789;occurrence:41,0,04_visuals/image_context_crops/law-1_p040_occ065_xref00789.png,04_visuals/image_context_crops/law-1_p040_occ065_xref00789.png,290.672,563.679,551.276,759.193,797,599,2fada90954d9e084ea4edb388774deea54dd64e400018b9606bad1e04061133c
OCC-LAW1-066,1,96,LAW1-4_2_4,53,페이지 배치 이미지,xref:533;occurrence:42,0,04_visuals/image_context_crops/law-1_p053_occ066_xref00533.png,04_visuals/image_context_crops/law-1_p053_occ066_xref00533.png,49.362,233.92,565.908,379.569,1580,446,978823fc9e01bfc6b0ef3b8a499c2cfb7a4a31e216a2a3b40d7bad86d101f296
OCC-LAW1-067,1,97,LAW1-4_3_1,54,페이지 배치 이미지,xref:569;occurrence:43,0,04_visuals/image_context_crops/law-1_p054_occ067_xref00569.png,04_visuals/image_context_crops/law-1_p054_occ067_xref00569.png,73.349,139.344,303.369,309.446,703,520,0a6b1879052fa4516bac8462bbd95dd31a84424174264db57b776f559f528bf7
OCC-LAW1-068,1,97,LAW1-4_3_1,54,페이지 배치 이미지,xref:570;occurrence:44,0,04_visuals/image_context_crops/law-1_p054_occ068_xref00570.png,04_visuals/image_context_crops/law-1_p054_occ068_xref00570.png,293.79,140.782,519.252,308.007,690,512,18db770c65fa1ec590a45d493232ad3bea1eb0ada256d42e649d73e282fbee34
OCC-LAW1-075,1,98,LAW1-4_3_2,59,페이지 배치 이미지,xref:727;occurrence:45,0,04_visuals/image_context_crops/law-1_p059_occ075_xref00727.png,04_visuals/image_context_crops/law-1_p059_occ075_xref00727.png,54.879,488.641,303.489,675.884,761,573,795e48116e39959d6021e6d20ce770a10042ff355820cb7c7eb74fdd25b5bd2d
OCC-LAW1-076,1,98,LAW1-4_3_2,59,페이지 배치 이미지,xref:729;occurrence:46,0,04_visuals/image_context_crops/law-1_p059_occ076_xref00729.png,04_visuals/image_context_crops/law-1_p059_occ076_xref00729.png,54.879,307.4,303.489,494.643,761,573,a48bc24d8f7bf1945002a0e9661095bb00109e2c9ef3a780c22071e854be3e1a
OCC-LAW1-077,1,98,LAW1-4_3_2,59,페이지 배치 이미지,xref:731;occurrence:47,0,04_visuals/image_context_crops/law-1_p059_occ077_xref00731.png,04_visuals/image_context_crops/law-1_p059_occ077_xref00731.png,54.879,126.158,303.489,313.401,761,573,751244b6241508b3b744b46aecb908f3960a9855786220152f1bdc22b22400e3
OCC-LAW1-078,1,98,LAW1-4_3_2,59,페이지 배치 이미지,xref:733;occurrence:48,0,04_visuals/image_context_crops/law-1_p059_occ078_xref00733.png,04_visuals/image_context_crops/law-1_p059_occ078_xref00733.png,297.148,488.641,545.758,675.884,761,573,14b4f24ecd796ebad10cb9b69de61c28b73c25e33d72ba243ba51443f3979e6c
OCC-LAW1-079,1,98,LAW1-4_3_2,59,페이지 배치 이미지,xref:735;occurrence:49,0,04_visuals/image_context_crops/law-1_p059_occ079_xref00735.png,04_visuals/image_context_crops/law-1_p059_occ079_xref00735.png,297.148,307.4,545.758,494.643,761,573,44c9fe04eae66a0199b5948d4cc94a9382674947d369f446d3dfdfdd8a9a7d2a
OCC-LAW1-080,1,98,LAW1-4_3_2,59,페이지 배치 이미지,xref:737;occurrence:50,0,04_visuals/image_context_crops/law-1_p059_occ080_xref00737.png,04_visuals/image_context_crops/law-1_p059_occ080_xref00737.png,297.148,126.158,545.758,313.401,761,573,78a07df1a09f8962254657f8342a49f729cf84540c4e8f679c3742510c0da5b3
OCC-LAW1-085,1,98,LAW1-4_3_2,60,페이지 배치 이미지,xref:763;occurrence:51,0,04_visuals/image_context_crops/law-1_p060_occ085_xref00763.png,04_visuals/image_context_crops/law-1_p060_occ085_xref00763.png,58.597,201.915,292.215,391.676,714,581,377de7ab26dc689839516355a08424bfe507a463ef779aba5c4ac6d9df8a6899
OCC-LAW1-086,1,98,LAW1-4_3_2,60,페이지 배치 이미지,xref:764;occurrence:52,0,04_visuals/image_context_crops/law-1_p060_occ086_xref00764.png,04_visuals/image_context_crops/law-1_p060_occ086_xref00764.png,302.665,201.915,536.403,391.676,716,581,a7faf8c4b80379a26c5d4f3032895f74bdfd0cb1dd917507eff9aa311fa2bc7b
OCC-LAW1-087,1,98,LAW1-4_3_2,60,페이지 배치 이미지,xref:740;occurrence:53,0,04_visuals/image_context_crops/law-1_p060_occ087_xref00740.png,04_visuals/image_context_crops/law-1_p060_occ087_xref00740.png,54.879,580.101,303.489,767.344,761,573,59bf187adcd9f5800b0ea5057a26159421998da3e05f6b9da6c06e71c77f5e2c
OCC-LAW1-088,1,98,LAW1-4_3_2,60,페이지 배치 이미지,xref:766;occurrence:54,0,04_visuals/image_context_crops/law-1_p060_occ088_xref00766.png,04_visuals/image_context_crops/law-1_p060_occ088_xref00766.png,54.879,430.745,303.489,617.988,761,573,0a451e90d1436a5abd5939db1f17f76f4c0d5f6b25ad3cb701d29fead8b7d5e9
OCC-LAW1-089,1,98,LAW1-4_3_2,60,페이지 배치 이미지,xref:742;occurrence:55,0,04_visuals/image_context_crops/law-1_p060_occ089_xref00742.png,04_visuals/image_context_crops/law-1_p060_occ089_xref00742.png,297.148,580.101,545.758,767.344,761,573,7a015c4290583058d897aeba14bd784c9c42050e44f9cb5eaf088b551852bb82
OCC-LAW1-090,1,98,LAW1-4_3_2,60,페이지 배치 이미지,xref:774;occurrence:56,0,04_visuals/image_context_crops/law-1_p060_occ090_xref00774.png,04_visuals/image_context_crops/law-1_p060_occ090_xref00774.png,297.148,430.745,545.758,617.988,761,573,0045a965bd70b60595ccfc7c54f2bc1fec1dfaf5d3084dd24fc30aa14a9036f5
OCC-LAW1-093,1,99,LAW1-4_3_3,61,페이지 배치 이미지,xref:787;occurrence:57,0,04_visuals/image_context_crops/law-1_p061_occ093_xref00787.png,04_visuals/image_context_crops/law-1_p061_occ093_xref00787.png,45.164,563.679,305.768,759.193,797,599,1d806818c52688f0225afc5ab0ded01c07d39fd00c5f68c3398842a1189f5b4e
OCC-LAW1-094,1,99,LAW1-4_3_3,61,페이지 배치 이미지,xref:789;occurrence:58,0,04_visuals/image_context_crops/law-1_p061_occ094_xref00789.png,04_visuals/image_context_crops/law-1_p061_occ094_xref00789.png,289.233,563.679,549.837,759.193,798,599,8aa6106028d126826f051b69f22d3c2b070e36bfb291cea6f09ddff9ee920e08
OCC-LAW1-095,1,100,LAW1-4_4_1,64,페이지 배치 이미지,xref:1376;occurrence:59,0,04_visuals/image_context_crops/law-1_p064_occ095_xref01376.png,04_visuals/image_context_crops/law-1_p064_occ095_xref01376.png,55.238,483.727,328.315,678.282,836,595,dd4b77851cff19c794d6687e4d4413b93eeaf2b9ee339c58815b5d31cdc232d6
OCC-LAW1-096,1,100,LAW1-4_4_1,64,페이지 배치 이미지,xref:1377;occurrence:60,0,04_visuals/image_context_crops/law-1_p064_occ096_xref01377.png,04_visuals/image_context_crops/law-1_p064_occ096_xref01377.png,297.508,488.402,552.355,673.608,779,567,800ff49722e67fe0079c68d642eaecf7dbd692abcf8b3d4737707a610baa9892
OCC-LAW1-097,1,109,LAW1-4_7_4,69,페이지 배치 이미지,xref:1433;occurrence:61,0,04_visuals/image_context_crops/law-1_p069_occ097_xref01433.png,04_visuals/image_context_crops/law-1_p069_occ097_xref01433.png,90.02,624.693,149.971,681.399,184,174,20110160343efd8890ebf6eca79bbab4348dfbb705ead1cc2be35bf33ce241c6
OCC-LAW1-098,1,109,LAW1-4_7_4,69,페이지 배치 이미지,xref:1433;occurrence:62,0,04_visuals/image_context_crops/law-1_p069_occ098_xref01433.png,04_visuals/image_context_crops/law-1_p069_occ098_xref01433.png,276.4,657.177,336.351,713.883,184,174,88571ce0226870f7df53dcf357b823bb839c28c5dbd778e5a7eea7d787f357e4
OCC-LAW1-099,1,109,LAW1-4_7_4,69,페이지 배치 이미지,xref:1433;occurrence:63,0,04_visuals/image_context_crops/law-1_p069_occ099_xref01433.png,04_visuals/image_context_crops/law-1_p069_occ099_xref01433.png,276.4,631.165,336.351,687.871,184,175,ef2862b8beadeb36c66ba6969cd5cca6a8b966dd73588c7326984ddcc2a83da3
OCC-LAW1-100,1,109,LAW1-4_7_4,69,페이지 배치 이미지,xref:1433;occurrence:64,0,04_visuals/image_context_crops/law-1_p069_occ100_xref01433.png,04_visuals/image_context_crops/law-1_p069_occ100_xref01433.png,276.4,605.274,336.351,661.98,184,174,ed8e826759010a66a1848d333636acf79eb84cd64404c5752b7adef2876a3ad0
OCC-LAW1-101,1,109,LAW1-4_7_4,69,페이지 배치 이미지,xref:1433;occurrence:65,0,04_visuals/image_context_crops/law-1_p069_occ101_xref01433.png,04_visuals/image_context_crops/law-1_p069_occ101_xref01433.png,90.02,561.642,149.971,618.348,184,174,fdd99aec36f341c5221bfacc817d62a5d788a157421d4705089262f7f9ee725b
OCC-LAW1-102,1,109,LAW1-4_7_4,69,페이지 배치 이미지,xref:1433;occurrence:66,0,04_visuals/image_context_crops/law-1_p069_occ102_xref01433.png,04_visuals/image_context_crops/law-1_p069_occ102_xref01433.png,90.02,531.075,149.971,587.781,184,174,7946b103ec991f6c636da5319b741f0c77428511b3645fb1507a5bca07a33c0b
OCC-LAW1-103,1,109,LAW1-4_7_4,69,페이지 배치 이미지,xref:1433;occurrence:67,0,04_visuals/image_context_crops/law-1_p069_occ103_xref01433.png,04_visuals/image_context_crops/law-1_p069_occ103_xref01433.png,90.02,518.009,149.971,574.715,184,174,8093a28cbb009790262e9351f04687a5e23063606177a77f0947ea2adf9c0852
OCC-LAW1-104,1,109,LAW1-4_7_4,69,페이지 배치 이미지,xref:1433;occurrence:68,0,04_visuals/image_context_crops/law-1_p069_occ104_xref01433.png,04_visuals/image_context_crops/law-1_p069_occ104_xref01433.png,90.02,466.106,149.971,522.812,184,174,31bc9bad939aa3b288ea209f4c00f49b66275645e47cee0e34c858cdab54284e
OCC-LAW1-105,1,109,LAW1-4_7_4,69,페이지 배치 이미지,xref:1433;occurrence:69,0,04_visuals/image_context_crops/law-1_p069_occ105_xref01433.png,04_visuals/image_context_crops/law-1_p069_occ105_xref01433.png,276.4,505.063,336.351,561.769,184,174,e946f3f2816d30af3bdde750b3b7a58d9ea9e99388d88e43de7c7af01c94b052
OCC-LAW1-106,1,109,LAW1-4_7_4,69,페이지 배치 이미지,xref:1433;occurrence:70,0,04_visuals/image_context_crops/law-1_p069_occ106_xref01433.png,04_visuals/image_context_crops/law-1_p069_occ106_xref01433.png,90.02,416.001,149.971,472.707,184,174,be6c88cfe29c500572d32a271b033cac0b3bdb4d6934bfb7de2dd3b77102fa75
OCC-LAW1-107,1,109,LAW1-4_7_4,69,페이지 배치 이미지,xref:1433;occurrence:71,0,04_visuals/image_context_crops/law-1_p069_occ107_xref01433.png,04_visuals/image_context_crops/law-1_p069_occ107_xref01433.png,276.4,429.067,336.351,485.773,184,174,2f6ae1efab71ce8754db3216663276471052e139952bf563409a8ab6da4a577c
OCC-LAW1-108,1,109,LAW1-4_7_4,69,페이지 배치 이미지,xref:1433;occurrence:72,0,04_visuals/image_context_crops/law-1_p069_occ108_xref01433.png,04_visuals/image_context_crops/law-1_p069_occ108_xref01433.png,90.02,378.961,149.971,435.667,184,174,b978eee75a1d0b4d8c011ee2b5694839e1041614b068cc648a9e5dab926187b4
OCC-LAW1-109,1,109,LAW1-4_7_4,69,페이지 배치 이미지,xref:1433;occurrence:73,0,04_visuals/image_context_crops/law-1_p069_occ109_xref01433.png,04_visuals/image_context_crops/law-1_p069_occ109_xref01433.png,90.02,352.95,149.971,409.656,184,175,551c8642d02c3464292aadedb6c58507a56c07e9168334a0f8f035d2cd1f045c
OCC-LAW1-110,1,109,LAW1-4_7_4,69,페이지 배치 이미지,xref:1433;occurrence:74,0,04_visuals/image_context_crops/law-1_p069_occ110_xref01433.png,04_visuals/image_context_crops/law-1_p069_occ110_xref01433.png,276.4,378.961,336.351,435.667,184,174,b71f7e3b2f60eb0f4e5d172b23b9c4784a34ab3b089a3a23e6e68094027c2209
OCC-LAW1-111,1,109,LAW1-4_7_4,69,페이지 배치 이미지,xref:1433;occurrence:75,0,04_visuals/image_context_crops/law-1_p069_occ111_xref01433.png,04_visuals/image_context_crops/law-1_p069_occ111_xref01433.png,276.4,352.95,336.351,409.656,184,175,58240fe15600093560611471e5de44308dd3df24ac7328cd85eaefc0f434e05e
OCC-LAW1-112,1,109,LAW1-4_7_4,69,페이지 배치 이미지,xref:1433;occurrence:76,0,04_visuals/image_context_crops/law-1_p069_occ112_xref01433.png,04_visuals/image_context_crops/law-1_p069_occ112_xref01433.png,90.02,315.91,149.971,372.616,184,174,5cbb1870a44911e32fe7860a736af4eb32920ca734326ce627ff52a7144bc0b5
OCC-LAW1-113,1,109,LAW1-4_7_4,69,페이지 배치 이미지,xref:1433;occurrence:77,0,04_visuals/image_context_crops/law-1_p069_occ113_xref01433.png,04_visuals/image_context_crops/law-1_p069_occ113_xref01433.png,90.02,289.899,149.971,346.605,184,174,06a5623848f69192969fe76f76456abf2c14754a0e72a871bb885276a87f12c4
OCC-LAW1-114,1,109,LAW1-4_7_4,69,페이지 배치 이미지,xref:1433;occurrence:78,0,04_visuals/image_context_crops/law-1_p069_occ114_xref01433.png,04_visuals/image_context_crops/law-1_p069_occ114_xref01433.png,90.02,250.941,149.971,307.647,184,174,51dbadbe5a0262dcc8cb62d32d28f3f632457aa956ba037db0e5455d80ffe342
OCC-LAW1-115,1,109,LAW1-4_7_4,69,페이지 배치 이미지,xref:1444;occurrence:79,0,04_visuals/image_context_crops/law-1_p069_occ115_xref01444.png,04_visuals/image_context_crops/law-1_p069_occ115_xref01444.png,276.4,568.114,331.554,624.82,170,174,c60e5836c48f9bb6e6ec393559ff33e924d29fab793512e960836ec75c07c150
TBL-LAW1-001,1,29,LAW1-2_2_2,6,표 크롭,LAW1-T001,1,04_visuals/table_crops/law-1_p006_LAW1-T001.png,04_visuals/table_crops/law-1_p006_LAW1-T001.png,73.792,80.48,552.055,227.948,1462,451,707c82e6b7f999f74c8b9be8abd3043b80d55503a571329fca91b2c03cd7941f
TBL-LAW1-002,1,32,LAW1-2_3_1,10,표 크롭,LAW1-T002,2,04_visuals/table_crops/law-1_p010_LAW1-T002.png,04_visuals/table_crops/law-1_p010_LAW1-T002.png,84.475,321.239,552.913,429.716,1432,333,527852765ba35b448e92c733e89e54c2078bf9cfb69abbcd3cd2b04eca684579
TBL-LAW1-003,1,32,LAW1-2_3_1,12,표 크롭,LAW1-T003,3,04_visuals/table_crops/law-1_p012_LAW1-T003.png,04_visuals/table_crops/law-1_p012_LAW1-T003.png,60.38,62.831,534.302,306.91,1449,747,ab8652ab0c98da690fd17a9dde7534935ce6a4f601a0fe96580b296c096513ee
TBL-LAW1-004,1,32,LAW1-2_3_1,13,표 크롭,LAW1-T004,4,04_visuals/table_crops/law-1_p013_LAW1-T004.png,04_visuals/table_crops/law-1_p013_LAW1-T004.png,60.612,581.428,534.341,779.238,1448,606,08aa0e18c15926a34d18848b38325d88f332394fe1ab257bf599fad7fd95a691
TBL-LAW1-005,1,36,LAW1-2_4_2,21,표 크롭,LAW1-T005,5,04_visuals/table_crops/law-1_p021_LAW1-T005.png,04_visuals/table_crops/law-1_p021_LAW1-T005.png,44.048,569.149,551.04,755.49,1550,570,28370e06b77c2704c1b2f2e29233034c2cf3516ce964374648886fd823cfe7bd
TBL-LAW1-006,1,44,LAW1-2_5_8,24,표 크롭,LAW1-T006,6,04_visuals/table_crops/law-1_p024_LAW1-T006.png,04_visuals/table_crops/law-1_p024_LAW1-T006.png,83.402,146.264,553.866,332.593,1439,570,3432bad14991c75f10ecd9cbb55130e0ef91f0eddc5f3d00740aee57fc90d2f4
TBL-LAW1-007,1,45,LAW1-2_5_9,25,표 크롭,LAW1-T007,7,04_visuals/table_crops/law-1_p025_LAW1-T007.png,04_visuals/table_crops/law-1_p025_LAW1-T007.png,80.264,433.331,553.773,505.313,1448,221,394de70d760669168666e15d55e3fe13df7a34b9f50c2500fa6681724347fac3
TBL-LAW1-008,1,48,LAW1-2_5_12,26,표 크롭,LAW1-T008,8,04_visuals/table_crops/law-1_p026_LAW1-T008.png,04_visuals/table_crops/law-1_p026_LAW1-T008.png,79.613,191.378,553.432,355.125,1449,501,8c964d1df82f29b8f4ef6ad5c4a7261d88e97d544164178846fe8e0d9fb62a30
TBL-LAW1-009,1,54,LAW1-2_6_3,28,표 크롭,LAW1-T009,9,04_visuals/table_crops/law-1_p028_LAW1-T009.png,04_visuals/table_crops/law-1_p028_LAW1-T009.png,78.116,71.015,553.49,275.505,1454,626,c42f35a59377bee279622ff4db22f6c6f1565263a1a586a3b882c95dce32cab3
TBL-LAW1-010,1,54,LAW1-2_6_3,29,표 크롭,LAW1-T010,10,04_visuals/table_crops/law-1_p029_LAW1-T010.png,04_visuals/table_crops/law-1_p029_LAW1-T010.png,79.947,603.447,553.313,709.268,1447,324,04667c98b05b123332cc07308745635b1fc2ef6c2ae3e354a419c55e7444d8e9
TBL-LAW1-011,1,54,LAW1-2_6_3,29,표 크롭,LAW1-T011,11,04_visuals/table_crops/law-1_p029_LAW1-T011.png,04_visuals/table_crops/law-1_p029_LAW1-T011.png,74.387,77.961,520.823,261.263,1365,561,d66e22e0fb705597981e33e7bae482c5123b839cb80b6067ca7d205787fa7d3d
TBL-LAW1-012,1,63,LAW1-3_2_2,31,표 크롭,LAW1-T012,12,04_visuals/table_crops/law-1_p031_LAW1-T012.png,04_visuals/table_crops/law-1_p031_LAW1-T012.png,86.146,344.607,550.481,431.909,1420,267,5d535b9961142a044539c14c6cd84e6c88f4a4520e43854c3e9d331b33b7357c
TBL-LAW1-013,1,64,LAW1-3_3_1,34,표 크롭,LAW1-T013,13,04_visuals/table_crops/law-1_p034_LAW1-T013.png,04_visuals/table_crops/law-1_p034_LAW1-T013.png,84.329,345.999,553.246,477.965,1434,404,491f960438ec1979c263ec004c3f27c97740ccdffbe6df3951d37ae09f33a21b
TBL-LAW1-014,1,64,LAW1-3_3_1,37,표 크롭,LAW1-T014,14,04_visuals/table_crops/law-1_p037_LAW1-T014.png,04_visuals/table_crops/law-1_p037_LAW1-T014.png,63.016,322.441,536.733,755.405,1449,1324,77d20a7671cff63ea9f309eb6797c2e2a2fa8fa4258111fb4ce962f9d6064999
TBL-LAW1-015,1,67,LAW1-3_4_1,42,표 크롭,LAW1-T015,15,04_visuals/table_crops/law-1_p042_LAW1-T015.png,04_visuals/table_crops/law-1_p042_LAW1-T015.png,78.21,123.925,553.281,226.104,1453,314,5177756e28662e7e9e1432dc49938fb1d572d65b3d7f23a032635105995606eb
TBL-LAW1-016,1,67,LAW1-3_4_1,43,표 크롭,LAW1-T016,16,04_visuals/table_crops/law-1_p043_LAW1-T016.png,04_visuals/table_crops/law-1_p043_LAW1-T016.png,47.584,172.973,553.417,358.014,1546,567,afb6bb4863cbb92c9a842d08819d95159f934c5155031f99450ebee3976c2607
TBL-LAW1-017,1,68,LAW1-3_4_2,45,표 크롭,LAW1-T017,17,04_visuals/table_crops/law-1_p045_LAW1-T017.png,04_visuals/table_crops/law-1_p045_LAW1-T017.png,48.172,357.5,553.354,522.968,1544,507,d21f1bc5eee48b02bb5124769003574ad4318e62429afd42a432a9edb7ad8480
TBL-LAW1-018,1,74,LAW1-3_5_6,46,표 크롭,LAW1-T018,18,04_visuals/table_crops/law-1_p046_LAW1-T018.png,04_visuals/table_crops/law-1_p046_LAW1-T018.png,78.252,69.7,553.439,219.432,1453,458,539606c066573fd52d364d5baabe881f5ac0060e64d97ec741313327b3d4bd79
TBL-LAW1-019,1,74,LAW1-3_5_6,47,표 크롭,LAW1-T019,19,04_visuals/table_crops/law-1_p047_LAW1-T019.png,04_visuals/table_crops/law-1_p047_LAW1-T019.png,81.371,490.096,553.447,631.004,1444,432,9a160e279d025b88f1a126dd6a66af415bde23b901c2be51202b172cc579ee6c
TBL-LAW1-020,1,80,LAW1-3_5_12,49,표 크롭,LAW1-T020,20,04_visuals/table_crops/law-1_p049_LAW1-T020.png,04_visuals/table_crops/law-1_p049_LAW1-T020.png,79.503,569.349,553.411,712.953,1449,440,1bb2ac627faffdde14b3ad0cd354a0264a42bad0a480dfc9ec0371a113b12934
TBL-LAW1-021,1,84,LAW1-3_6_3,50,표 크롭,LAW1-T021,21,04_visuals/table_crops/law-1_p050_LAW1-T021.png,04_visuals/table_crops/law-1_p050_LAW1-T021.png,78.346,573.353,553.459,779.063,1453,629,067b2e7f7217771af2d79cae6675b73a095629a34d975597cae908a07cd11f3f
TBL-LAW1-022,1,84,LAW1-3_6_3,50,표 크롭,LAW1-T022,22,04_visuals/table_crops/law-1_p050_LAW1-T022.png,04_visuals/table_crops/law-1_p050_LAW1-T022.png,79.892,406.407,553.318,512.099,1447,324,f637b881dd968a9c60d11c31956e3c95956a2023c139cb979ad762c911f3a565
TBL-LAW1-023,1,84,LAW1-3_6_3,51,표 크롭,LAW1-T023,23,04_visuals/table_crops/law-1_p051_LAW1-T023.png,04_visuals/table_crops/law-1_p051_LAW1-T023.png,74.331,575.807,521.114,779.126,1366,622,fde40bd7568db2fc6ab906a380e3d9049f1ec3f0330a52c2de98828877eaa1d0
TBL-LAW1-024,1,88,LAW1-4_1_1,52,표 크롭,LAW1-T024,24,04_visuals/table_crops/law-1_p052_LAW1-T024.png,04_visuals/table_crops/law-1_p052_LAW1-T024.png,76.605,631.978,552.208,777.563,1454,446,a6741a4272d258b10e09f97b40f46aa60a0dfe25f69e58a3f030ed07e895e12e
TBL-LAW1-025,1,97,LAW1-4_3_1,55,표 크롭,LAW1-T025,25,04_visuals/table_crops/law-1_p055_LAW1-T025.png,04_visuals/table_crops/law-1_p055_LAW1-T025.png,84.391,134.842,553.309,244.281,1434,335,516de1107ee1c49eecc3a98a92f2fb47b9574f32a15446409e780956d1a01578
TBL-LAW1-026,1,97,LAW1-4_3_1,58,표 크롭,LAW1-T026,26,04_visuals/table_crops/law-1_p058_LAW1-T026.png,04_visuals/table_crops/law-1_p058_LAW1-T026.png,79.904,467.941,553.263,763.428,1447,903,2ac9aca5c21cb456ab639189e7291623ee21f5c95aa82b1f391c07f9908998bf
TBL-LAW1-027,1,100,LAW1-4_4_1,65,표 크롭,LAW1-T027,27,04_visuals/table_crops/law-1_p065_LAW1-T027.png,04_visuals/table_crops/law-1_p065_LAW1-T027.png,45.163,557.753,553.162,737.097,1554,549,ae60b8d81b70ef3a746ad69d14dbafcdacc9451d663fbf5700e8d87204200636
TBL-LAW1-028,1,101,LAW1-4_4_2,66,표 크롭,LAW1-T028,28,04_visuals/table_crops/law-1_p066_LAW1-T028.png,04_visuals/table_crops/law-1_p066_LAW1-T028.png,41.452,73.315,548.074,253.609,1549,552,b968caf762f8996a73ad8e6991606c6701297af7c806c86300c57521b9d2cdbe
TBL-LAW1-029,1,109,LAW1-4_7_4,68,표 크롭,LAW1-T029,29,04_visuals/table_crops/law-1_p068_LAW1-T029.png,04_visuals/table_crops/law-1_p068_LAW1-T029.png,70.612,620.645,524.597,682.42,1388,190,8efee15f722305429c8b540b9b73ff58436ed19d434bd4d0d8e552970121107c
TBL-LAW1-030,1,109,LAW1-4_7_4,68,표 크롭,LAW1-T030,30,04_visuals/table_crops/law-1_p068_LAW1-T030.png,04_visuals/table_crops/law-1_p068_LAW1-T030.png,74.722,394.853,526.358,625.663,1381,707,543f8a8898206664646020b83860adc515f97454864fe90e9b244a1ce37e548c
TBL-LAW1-031,1,109,LAW1-4_7_4,69,표 크롭,LAW1-T031,31,04_visuals/table_crops/law-1_p069_LAW1-T031.png,04_visuals/table_crops/law-1_p069_LAW1-T031.png,52.773,243.332,542.207,733.979,1496,1500,c037c0ef2dac6f4611b687605e96f54ef098ddfe07b600923da60d7718479ba8
TBL-LAW1-032,1,109,LAW1-4_7_4,70,표 크롭,LAW1-T032,32,04_visuals/table_crops/law-1_p070_LAW1-T032.png,04_visuals/table_crops/law-1_p070_LAW1-T032.png,44.802,72.555,554.071,735.32,1557,2027,97e392f2ea7b7c18742c04fc770f8a0e946eb2c6fb475eb5b98ebb2f8f1579a5
TBL-LAW1-033,1,109,LAW1-4_7_4,71,표 크롭,LAW1-T033,33,04_visuals/table_crops/law-1_p071_LAW1-T033.png,04_visuals/table_crops/law-1_p071_LAW1-T033.png,44.798,74.227,553.812,777.813,1557,2150,847ad3ec7798bc7c51f7465d725edc7d0ed3bf534a7c51824e4246d7d3903755
TBL-LAW1-034,1,109,LAW1-4_7_4,72,표 크롭,LAW1-T034,34,04_visuals/table_crops/law-1_p072_LAW1-T034.png,04_visuals/table_crops/law-1_p072_LAW1-T034.png,44.774,76.362,554.455,777.516,1559,2144,d42859df7e1898dadd87a533b28dcb2eca28fd07372d24c569e301ad51349730
TBL-LAW1-035,1,109,LAW1-4_7_4,73,표 크롭,LAW1-T035,35,04_visuals/table_crops/law-1_p073_LAW1-T035.png,04_visuals/table_crops/law-1_p073_LAW1-T035.png,44.226,70.943,554.492,778.148,1560,2161,33c4b50b4643923b5c5d29c64aa5bdafcfe308ee06dc8429ea0c7f57deff7cdc
TBL-LAW1-036,1,109,LAW1-4_7_4,74,표 크롭,LAW1-T036,36,04_visuals/table_crops/law-1_p074_LAW1-T036.png,04_visuals/table_crops/law-1_p074_LAW1-T036.png,43.043,626.866,554.316,777.567,1563,462,61dc19880c659222d17ce7c8ef12fd38f6b76f5365d20536d865242ea2d76437
TBL-LAW1-037,1,109,LAW1-4_7_4,75,표 크롭,LAW1-T037,37,04_visuals/table_crops/law-1_p075_LAW1-T037.png,04_visuals/table_crops/law-1_p075_LAW1-T037.png,43.726,69.799,554.144,735.593,1561,2035,a8c9c6fd46b74f6aec126543831c9fca8c7fdac7bb45767e26facaa132f67f1c
TBL-LAW1-038,1,109,LAW1-4_7_4,76,표 크롭,LAW1-T038,38,04_visuals/table_crops/law-1_p076_LAW1-T038.png,04_visuals/table_crops/law-1_p076_LAW1-T038.png,44.717,69.047,554.281,778.014,1558,2167,f3f04e92d5fa8264f9ed4c40440881898f22711659bf26006015f8d52d5dd41d
TBL-LAW1-039,1,109,LAW1-4_7_4,77,표 크롭,LAW1-T039,39,04_visuals/table_crops/law-1_p077_LAW1-T039.png,04_visuals/table_crops/law-1_p077_LAW1-T039.png,45.593,69.004,554.39,777.996,1555,2167,cd2c59d3775d825c30ab37ac42e84e990db6754831bce14ae3f49cf096ce9cd8
TBL-LAW1-040,1,109,LAW1-4_7_4,78,표 크롭,LAW1-T040,40,04_visuals/table_crops/law-1_p078_LAW1-T040.png,04_visuals/table_crops/law-1_p078_LAW1-T040.png,43.893,88.302,554.315,777.943,1560,2108,dc4007255b6c69f8464cf5f915181586ed48348de14004a523aba54d6a363be9
TBL-LAW1-041,1,109,LAW1-4_7_4,79,표 크롭,LAW1-T041,41,04_visuals/table_crops/law-1_p079_LAW1-T041.png,04_visuals/table_crops/law-1_p079_LAW1-T041.png,39.947,62.259,798.484,492.165,2318,1314,ebd49d6bbafa5a491dd4ff0782a79d80801e3252251158e81be1a9f36bcc578d
TBL-LAW1-042,1,109,LAW1-4_7_4,80,표 크롭,LAW1-T042,42,04_visuals/table_crops/law-1_p080_LAW1-T042.png,04_visuals/table_crops/law-1_p080_LAW1-T042.png,39.909,62.21,798.663,534.349,2320,1443,1be64c3aa05867fac87b64768b437a628a6da06226eaf5b5d975b5fbb9d83774
TBL-LAW1-043,1,109,LAW1-4_7_4,81,표 크롭,LAW1-T043,43,04_visuals/table_crops/law-1_p081_LAW1-T043.png,04_visuals/table_crops/law-1_p081_LAW1-T043.png,39.314,61.952,798.666,534.53,2321,1445,971c22a526057f3cc92f7a3f1d9ae1ded5762c760e1a62712f680183ab5124af
TBL-LAW1-044,1,109,LAW1-4_7_4,82,표 크롭,LAW1-T044,44,04_visuals/table_crops/law-1_p082_LAW1-T044.png,04_visuals/table_crops/law-1_p082_LAW1-T044.png,39.613,62.117,798.769,534.445,2320,1444,729865c047933086119d7b7834776fa87a546338fc09ecccf2f8ec5d1506bc36
TBL-LAW1-045,1,109,LAW1-4_7_4,83,표 크롭,LAW1-T045,45,04_visuals/table_crops/law-1_p083_LAW1-T045.png,04_visuals/table_crops/law-1_p083_LAW1-T045.png,40.517,67.206,798.767,534.397,2318,1428,92c2fd3193e6ee2b4ae19f30bb8d436a8dac19a13a6675a798e0fc81ba57b4a3
TBL-LAW1-046,1,109,LAW1-4_7_4,84,표 크롭,LAW1-T046,46,04_visuals/table_crops/law-1_p084_LAW1-T046.png,04_visuals/table_crops/law-1_p084_LAW1-T046.png,39.63,254.506,798.515,534.292,2319,856,2fd36280d5a6c32e6e61b7c24490acf7da4a93c6eedf904be5c3f2288ef8976d
COMP-LAW1-001,1,4,LAW1-1_3_1,2,복합 도식,xref:233;occurrence:1;xref:234;occurrence:2;xref:248;occurrence:3,0,04_visuals/composite_diagrams/law-1_p002_clause0004_composite001.png,04_visuals/composite_diagrams/law-1_p002_clause0004_composite001.png,58.707,45.782,583.188,631.395,1603,1790,8e21d4a360ff28f5dac4313b60314eb8f15a99675f0503341c21eb055f709751
COMP-LAW1-002,1,31,LAW1-2_2_4,8,복합 도식,xref:533;occurrence:5;xref:534;occurrence:6,0,04_visuals/composite_diagrams/law-1_p008_clause0031_composite002.png,04_visuals/composite_diagrams/law-1_p008_clause0031_composite002.png,21.167,373.743,573.713,761.333,1690,1185,99c810c9d2eba7f2321d7a178cde0e3028a0464870234d1b10f7351ac772f11a
COMP-LAW1-003,1,32,LAW1-2_3_1,9,복합 도식,xref:569;occurrence:7;xref:570;occurrence:8,0,04_visuals/composite_diagrams/law-1_p009_clause0032_composite003.png,04_visuals/composite_diagrams/law-1_p009_clause0032_composite003.png,44.315,307.815,550.325,537.538,1547,703,48b25ee6d2b09ed6868c651ec9d98275181bbc8017cdfb16179dd6a20a95f09c
COMP-LAW1-004,1,33,LAW1-2_3_2,14,복합 도식,xref:727;occurrence:9;xref:729;occurrence:10;xref:731;occurrence:11;xref:733;occurrence:12;xref:735;occurrence:13;xref:737;occurrence:14;xref:740;occurrence:15;xref:742;occurrence:16,0,04_visuals/composite_diagrams/law-1_p014_clause0033_composite004.png,04_visuals/composite_diagrams/law-1_p014_clause0033_composite004.png,36.879,89.654,563.758,787.344,1611,2133,07a618cb02d7163caa2f6ee7438c3d0a68cf8fd6ba5f5302e613dfcebd6dec15
COMP-LAW1-005,1,33,LAW1-2_3_2,15,복합 도식,xref:763;occurrence:17;xref:764;occurrence:18;xref:766;occurrence:19;xref:774;occurrence:20,0,04_visuals/composite_diagrams/law-1_p015_clause0033_composite005.png,04_visuals/composite_diagrams/law-1_p015_clause0033_composite005.png,33.88,340.06,563.758,808.321,1620,1432,993411a43e237964efe619526e88285753ce48d960459c15fa8ac6442b42c8dc
COMP-LAW1-006,1,34,LAW1-2_3_3,16,복합 도식,xref:787;occurrence:21;xref:789;occurrence:22,0,04_visuals/composite_diagrams/law-1_p016_clause0034_composite006.png,04_visuals/composite_diagrams/law-1_p016_clause0034_composite006.png,46.114,544.436,586.786,781.95,1653,727,3f0b472113d130f90fc808dfd54f95320b9224c52616f01d3d7173a950f5ef30
COMP-LAW1-007,1,39,LAW1-2_5_3,21,복합 도식,xref:880;occurrence:23;xref:882;occurrence:24,0,04_visuals/composite_diagrams/law-1_p021_clause0039_composite007.png,04_visuals/composite_diagrams/law-1_p021_clause0039_composite007.png,227.816,182.792,491.677,285.334,807,315,78eb960bb21b3cbbba8ece96b3f0d1565e9a134b46eda9f7bee212676a280c2c
COMP-LAW1-008,1,54,LAW1-2_6_3,29,복합 도식,LAW1-T010;LAW1-T011,0,04_visuals/composite_diagrams/law-1_p029_clause0054_composite008.png,04_visuals/composite_diagrams/law-1_p029_clause0054_composite008.png,56.387,55.961,571.313,729.268,1574,2058,5281ecb95df4d6b05479abda63bc11543b53be8e6e83e953b2c7a87731ae6bae
COMP-LAW1-009,1,64,LAW1-3_3_1,33,복합 도식,xref:569;occurrence:26;xref:570;occurrence:27,0,04_visuals/composite_diagrams/law-1_p033_clause0064_composite009.png,04_visuals/composite_diagrams/law-1_p033_clause0064_composite009.png,55.349,350.728,537.252,562.83,1473,650,c7f71f93295904fa87566445af786a7f22f3a8d361c3731f9aa179243ee0dfeb
COMP-LAW1-010,1,65,LAW1-3_3_2,38,복합 도식,xref:1159;occurrence:28;xref:1161;occurrence:29;xref:1163;occurrence:30;xref:1167;occurrence:31;xref:1169;occurrence:32;xref:1171;occurrence:33,0,04_visuals/composite_diagrams/law-1_p038_clause0065_composite010.png,04_visuals/composite_diagrams/law-1_p038_clause0065_composite010.png,35.799,52.974,559.2,558.635,1600,1546,1dfa0b9da2f8d1744735c17b57985b07dcb457d3fdd903c155195792191b437f
COMP-LAW1-011,1,65,LAW1-3_3_2,39,복합 도식,xref:1189;occurrence:34;xref:1191;occurrence:35;xref:1193;occurrence:36;xref:1195;occurrence:37;xref:763;occurrence:38;xref:764;occurrence:39,0,04_visuals/composite_diagrams/law-1_p039_clause0065_composite011.png,04_visuals/composite_diagrams/law-1_p039_clause0065_composite011.png,34.96,169.606,559.92,773.799,1605,1847,4cf2cc9b2392df1b029a065e41ba4ad33b9fd084057b454ed03fa664205af747
COMP-LAW1-012,1,66,LAW1-3_3_3,40,복합 도식,xref:787;occurrence:40;xref:789;occurrence:41,0,04_visuals/composite_diagrams/law-1_p040_clause0066_composite012.png,04_visuals/composite_diagrams/law-1_p040_clause0066_composite012.png,28.603,541.679,569.276,779.193,1653,727,2174e649880442383ab62c1f99e60739824a0a52dd8ba214da033c38f204e5e0
COMP-LAW1-013,1,84,LAW1-3_6_3,50,복합 도식,LAW1-T021;LAW1-T022,0,04_visuals/composite_diagrams/law-1_p050_clause0084_composite013.png,04_visuals/composite_diagrams/law-1_p050_clause0084_composite013.png,60.346,384.407,571.459,799.063,1563,1268,698501868537563f20e4ee5e557ec1c629e4f59d861654b9502a98d42a058ad1
COMP-LAW1-014,1,97,LAW1-4_3_1,54,복합 도식,xref:569;occurrence:43;xref:570;occurrence:44,0,04_visuals/composite_diagrams/law-1_p054_clause0097_composite014.png,04_visuals/composite_diagrams/law-1_p054_clause0097_composite014.png,55.349,117.344,537.252,329.446,1473,649,1d396e9f7a55c7a8ca506690774f8f1240b0d246fa80cc4fa4028616ea2bc361
COMP-LAW1-015,1,98,LAW1-4_3_2,59,복합 도식,xref:727;occurrence:45;xref:729;occurrence:46;xref:731;occurrence:47;xref:733;occurrence:48;xref:735;occurrence:49;xref:737;occurrence:50,0,04_visuals/composite_diagrams/law-1_p059_clause0098_composite015.png,04_visuals/composite_diagrams/law-1_p059_clause0098_composite015.png,36.879,104.158,563.758,695.884,1611,1809,223f5a10e84eb182868309545fb15d889bc83ae7ab90e98b3d2c4dd23bb406f4
COMP-LAW1-016,1,98,LAW1-4_3_2,60,복합 도식,xref:763;occurrence:51;xref:764;occurrence:52;xref:740;occurrence:53;xref:766;occurrence:54;xref:742;occurrence:55;xref:774;occurrence:56,0,04_visuals/composite_diagrams/law-1_p060_clause0098_composite016.png,04_visuals/composite_diagrams/law-1_p060_clause0098_composite016.png,36.879,179.915,563.758,787.344,1611,1857,b47c561e50f16c10e095c9a2c2d1aed4f574fc414f29b6ae5614d0ccec911c69
COMP-LAW1-017,1,99,LAW1-4_3_3,61,복합 도식,xref:787;occurrence:57;xref:789;occurrence:58,0,04_visuals/composite_diagrams/law-1_p061_clause0099_composite017.png,04_visuals/composite_diagrams/law-1_p061_clause0099_composite017.png,27.164,541.679,567.837,779.193,1653,727,dea5eb5611f1d8f11a9d6f555a717fa58407d4b21ca41c13cffbf51be3b9f0c0
COMP-LAW1-018,1,100,LAW1-4_4_1,64,복합 도식,xref:1376;occurrence:59;xref:1377;occurrence:60,0,04_visuals/composite_diagrams/law-1_p064_clause0100_composite018.png,04_visuals/composite_diagrams/law-1_p064_clause0100_composite018.png,37.238,461.727,570.355,698.282,1630,723,910adaa439fb4b74d670ea01ae3b657b3e7afd056442e2ddc3cadbdec82533c3
COMP-LAW1-019,1,109,LAW1-4_7_4,68,복합 도식,LAW1-T029;LAW1-T030,0,04_visuals/composite_diagrams/law-1_p068_clause0109_composite019.png,04_visuals/composite_diagrams/law-1_p068_clause0109_composite019.png,52.612,372.853,544.358,702.42,1504,1008,d28f8b62aac637b0425c35f80fbcb5b4024bc1900cb2c4245eed794384eef722
COMP-LAW1-020,1,109,LAW1-4_7_4,69,복합 도식,xref:1433;occurrence:61;xref:1433;occurrence:62;xref:1433;occurrence:63;xref:1433;occurrence:64;xref:1433;occurrence:65;xref:1433;occurrence:66;xref:1433;occurrence:67;xref:1433;occurrence:68;xref:1433;occurrence:69;xref:1433;occurrence:70;xref:1433;occurrence:71;xref:1433;occurrence:72;xref:1433;occurrence:73;xref:1433;occurrence:74;xref:1433;occurrence:75;xref:1433;occurrence:76;xref:1433;occurrence:77;xref:1433;occurrence:78;xref:1444;occurrence:79;LAW1-T031,0,04_visuals/composite_diagrams/law-1_p069_clause0109_composite020.png,04_visuals/composite_diagrams/law-1_p069_clause0109_composite020.png,34.773,221.332,560.207,753.979,1606,1629,556eb47825bef7dcfa278944e613f2400b6b3e9cbd38ba44550a097bdec637da
PAGE-LAW1-002,1,0,,2,페이지 전체,page:2,0,04_visuals/page_renders/law-1_page_002.png,04_visuals/page_renders/law-1_page_002.png,0.0,0.0,595.0,841.0,1240,1753,bdd90720d9aac31c098efa9e92da09e47ec5b1b66e8ab6b2b24de50a05a8f5f9
PAGE-LAW1-003,1,0,,3,페이지 전체,page:3,0,04_visuals/page_renders/law-1_page_003.png,04_visuals/page_renders/law-1_page_003.png,0.0,0.0,595.0,841.0,1240,1753,26a51a946499cfacfa3880d11baa8188d34dbfd6c261aed8d0ce7d8a666a8e73
PAGE-LAW1-006,1,0,,6,페이지 전체,page:6,0,04_visuals/page_renders/law-1_page_006.png,04_visuals/page_renders/law-1_page_006.png,0.0,0.0,595.0,841.0,1240,1753,b64061a03b236e27c82bcaa2063ebbd711d4075f2826424e07ca164d99f006f9
PAGE-LAW1-008,1,0,,8,페이지 전체,page:8,0,04_visuals/page_renders/law-1_page_008.png,04_visuals/page_renders/law-1_page_008.png,0.0,0.0,595.0,841.0,1240,1753,dc585deed0def3446e3d462290f5b9674436edf72efb3172558a1be583dd2d67
PAGE-LAW1-009,1,0,,9,페이지 전체,page:9,0,04_visuals/page_renders/law-1_page_009.png,04_visuals/page_renders/law-1_page_009.png,0.0,0.0,595.0,841.0,1240,1753,ad0e64f4b20dcf4a1f2ed1b0d9638b7e6a58cc2cc0928e2968c8b77a404dcff2
PAGE-LAW1-010,1,0,,10,페이지 전체,page:10,0,04_visuals/page_renders/law-1_page_010.png,04_visuals/page_renders/law-1_page_010.png,0.0,0.0,595.0,841.0,1240,1753,364be064cc17306639bf15ae9e7ee1cae44af7a384497d29c272da79854977f6
PAGE-LAW1-012,1,0,,12,페이지 전체,page:12,0,04_visuals/page_renders/law-1_page_012.png,04_visuals/page_renders/law-1_page_012.png,0.0,0.0,595.0,841.0,1240,1753,d8df3870961d84919d66cde6c7a3b92e58e9b83ef291ed3036afb6b1a146d3ba
PAGE-LAW1-013,1,0,,13,페이지 전체,page:13,0,04_visuals/page_renders/law-1_page_013.png,04_visuals/page_renders/law-1_page_013.png,0.0,0.0,595.0,841.0,1240,1753,26c2456a57b8384b8d59bb5ea8f5efa8c60f0f056c49dfe132dd71c7f3973762
PAGE-LAW1-014,1,0,,14,페이지 전체,page:14,0,04_visuals/page_renders/law-1_page_014.png,04_visuals/page_renders/law-1_page_014.png,0.0,0.0,595.0,841.0,1240,1753,61f7e83eb8cf3909e619b839293aedfeb7a405612090a23330edcfdf6ed9e13a
PAGE-LAW1-015,1,0,,15,페이지 전체,page:15,0,04_visuals/page_renders/law-1_page_015.png,04_visuals/page_renders/law-1_page_015.png,0.0,0.0,595.0,841.0,1240,1753,8494e0a167f1cde7cac0d9cea0d0df5c8718d6ecb2398ff2e8186db28b360d49
PAGE-LAW1-016,1,0,,16,페이지 전체,page:16,0,04_visuals/page_renders/law-1_page_016.png,04_visuals/page_renders/law-1_page_016.png,0.0,0.0,595.0,841.0,1240,1753,dcfbb1cd96f1e81985295dc258fd44d194e7f9057e30dc12e2cbebaa63f91e3e
PAGE-LAW1-021,1,0,,21,페이지 전체,page:21,0,04_visuals/page_renders/law-1_page_021.png,04_visuals/page_renders/law-1_page_021.png,0.0,0.0,595.0,841.0,1240,1753,a0d29c8cdaa2408f37f865e819ed48bd2c797b45d83467081436bd686432f470
PAGE-LAW1-024,1,0,,24,페이지 전체,page:24,0,04_visuals/page_renders/law-1_page_024.png,04_visuals/page_renders/law-1_page_024.png,0.0,0.0,595.0,841.0,1240,1753,806006d4a8af3edded0c4070b444e6d8316605c9a45f9dbc173470ff815f7a35
PAGE-LAW1-025,1,0,,25,페이지 전체,page:25,0,04_visuals/page_renders/law-1_page_025.png,04_visuals/page_renders/law-1_page_025.png,0.0,0.0,595.0,841.0,1240,1753,feba8edd350f0ccc16b1f6b7cbf04be7f9df693ffea1933963f072421b3aac35
PAGE-LAW1-026,1,0,,26,페이지 전체,page:26,0,04_visuals/page_renders/law-1_page_026.png,04_visuals/page_renders/law-1_page_026.png,0.0,0.0,595.0,841.0,1240,1753,7831749ad409eceb446f1199fe0bf489f43fafd316e13488a7f4231f3cc212a9
PAGE-LAW1-028,1,0,,28,페이지 전체,page:28,0,04_visuals/page_renders/law-1_page_028.png,04_visuals/page_renders/law-1_page_028.png,0.0,0.0,595.0,841.0,1240,1753,1f5a97983f9a8fec806ea6f3e021452cfc749a33939831ef84cd3ce8ec07bd1d
PAGE-LAW1-029,1,0,,29,페이지 전체,page:29,0,04_visuals/page_renders/law-1_page_029.png,04_visuals/page_renders/law-1_page_029.png,0.0,0.0,595.0,841.0,1240,1753,080b94db0ec92f50f5ab46a3601d47b57a274a0545d5a3c55bd7c1e4cf2590ec
PAGE-LAW1-031,1,0,,31,페이지 전체,page:31,0,04_visuals/page_renders/law-1_page_031.png,04_visuals/page_renders/law-1_page_031.png,0.0,0.0,595.0,841.0,1240,1753,09f0dfa8178ab1ca67e688de870772b3cf4f5cd39767b2147353528c4625417f
PAGE-LAW1-032,1,0,,32,페이지 전체,page:32,0,04_visuals/page_renders/law-1_page_032.png,04_visuals/page_renders/law-1_page_032.png,0.0,0.0,595.0,841.0,1240,1753,46209a49a03fb20769361eab97ec0911676a342fd44f64babee2b5172093944d
PAGE-LAW1-033,1,0,,33,페이지 전체,page:33,0,04_visuals/page_renders/law-1_page_033.png,04_visuals/page_renders/law-1_page_033.png,0.0,0.0,595.0,841.0,1240,1753,2f5f668eec75911fdb9cb2de2667ebcfd85686ba13029c56faf800932062cce1
PAGE-LAW1-034,1,0,,34,페이지 전체,page:34,0,04_visuals/page_renders/law-1_page_034.png,04_visuals/page_renders/law-1_page_034.png,0.0,0.0,595.0,841.0,1240,1753,3b3c3cc74093283c4cde13272146e375d31410ed20aadc3add2e59f106b3428e
PAGE-LAW1-037,1,0,,37,페이지 전체,page:37,0,04_visuals/page_renders/law-1_page_037.png,04_visuals/page_renders/law-1_page_037.png,0.0,0.0,595.0,841.0,1240,1753,16970b8208f4d641ab1a74066763bcce35e23ebaede003a89b2ce021f2d6b15c
PAGE-LAW1-038,1,0,,38,페이지 전체,page:38,0,04_visuals/page_renders/law-1_page_038.png,04_visuals/page_renders/law-1_page_038.png,0.0,0.0,595.0,841.0,1240,1753,9987c5427df7a00ff7d0f6bccacbc60d5b270c8bc81cd12c6f8d41257f54a947
PAGE-LAW1-039,1,0,,39,페이지 전체,page:39,0,04_visuals/page_renders/law-1_page_039.png,04_visuals/page_renders/law-1_page_039.png,0.0,0.0,595.0,841.0,1240,1753,db7f919992d188499dbb8f2a6fa329f99e6d19bd4d291112f3d780a5e86144fd
PAGE-LAW1-040,1,0,,40,페이지 전체,page:40,0,04_visuals/page_renders/law-1_page_040.png,04_visuals/page_renders/law-1_page_040.png,0.0,0.0,595.0,841.0,1240,1753,c917a9d18e838d5bd7f8a2b327dab47e774ff22851aed3545e99a2e5490a56d3
PAGE-LAW1-042,1,0,,42,페이지 전체,page:42,0,04_visuals/page_renders/law-1_page_042.png,04_visuals/page_renders/law-1_page_042.png,0.0,0.0,595.0,841.0,1240,1753,e2d5271220f81fe52f47ce59b95bbba77c001c631e737a750895029b059eb80f
PAGE-LAW1-043,1,0,,43,페이지 전체,page:43,0,04_visuals/page_renders/law-1_page_043.png,04_visuals/page_renders/law-1_page_043.png,0.0,0.0,595.0,841.0,1240,1753,415b24a2afef0337ea13e09a6dece2ce779d503b5057f50b6fddafc44843daa1
PAGE-LAW1-045,1,0,,45,페이지 전체,page:45,0,04_visuals/page_renders/law-1_page_045.png,04_visuals/page_renders/law-1_page_045.png,0.0,0.0,595.0,841.0,1240,1753,7e1a470ba2174e8801b7e5adb9568e277446920422954b7be6d69f4e21d62a17
PAGE-LAW1-046,1,0,,46,페이지 전체,page:46,0,04_visuals/page_renders/law-1_page_046.png,04_visuals/page_renders/law-1_page_046.png,0.0,0.0,595.0,841.0,1240,1753,6cd231eb7967e0936494de589c8ac08a1f74f5026721324aa6e951e770bf797e
PAGE-LAW1-047,1,0,,47,페이지 전체,page:47,0,04_visuals/page_renders/law-1_page_047.png,04_visuals/page_renders/law-1_page_047.png,0.0,0.0,595.0,841.0,1240,1753,35453416ec997d4375f17048aef0bb2d592103ed5231dc038f15be69278f2551
PAGE-LAW1-049,1,0,,49,페이지 전체,page:49,0,04_visuals/page_renders/law-1_page_049.png,04_visuals/page_renders/law-1_page_049.png,0.0,0.0,595.0,841.0,1240,1753,4c4864c30cc8b2777eaf55c932702c57df936123185494074fb491d531771c6c
PAGE-LAW1-050,1,0,,50,페이지 전체,page:50,0,04_visuals/page_renders/law-1_page_050.png,04_visuals/page_renders/law-1_page_050.png,0.0,0.0,595.0,841.0,1240,1753,bab6501a57d0d537a7e8c6a28325afead0d151758ed57752714797287a0bb270
PAGE-LAW1-051,1,0,,51,페이지 전체,page:51,0,04_visuals/page_renders/law-1_page_051.png,04_visuals/page_renders/law-1_page_051.png,0.0,0.0,595.0,841.0,1240,1753,a4a6cadbfe4589cbc3992074d60418e4703b267071cdee4f0360fea8215650c1
PAGE-LAW1-052,1,0,,52,페이지 전체,page:52,0,04_visuals/page_renders/law-1_page_052.png,04_visuals/page_renders/law-1_page_052.png,0.0,0.0,595.0,841.0,1240,1753,abaf2a3f95077b01d0e5676dc2d8e7a4876df942d2563e08d1bbf21b373e8125
PAGE-LAW1-053,1,0,,53,페이지 전체,page:53,0,04_visuals/page_renders/law-1_page_053.png,04_visuals/page_renders/law-1_page_053.png,0.0,0.0,595.0,841.0,1240,1753,689894c7c5a68aaf9a53f6da7281e35b361f8785a0ede89c9bbfa11c7f9bbd76
PAGE-LAW1-054,1,0,,54,페이지 전체,page:54,0,04_visuals/page_renders/law-1_page_054.png,04_visuals/page_renders/law-1_page_054.png,0.0,0.0,595.0,841.0,1240,1753,e46fd456f8bbb3e1ba5ae6893acac64bd87decfd269a3a0a17c7e99ff13aa892
PAGE-LAW1-055,1,0,,55,페이지 전체,page:55,0,04_visuals/page_renders/law-1_page_055.png,04_visuals/page_renders/law-1_page_055.png,0.0,0.0,595.0,841.0,1240,1753,07323f6ae7acfb0fb0d786b3ee417ddbd9597bffc815a4477e2f5629ea272430
PAGE-LAW1-058,1,0,,58,페이지 전체,page:58,0,04_visuals/page_renders/law-1_page_058.png,04_visuals/page_renders/law-1_page_058.png,0.0,0.0,595.0,841.0,1240,1753,8eba5b9b47381cb84cef8e204598396964a89fc3444f47dd78c58db278c16bf4
PAGE-LAW1-059,1,0,,59,페이지 전체,page:59,0,04_visuals/page_renders/law-1_page_059.png,04_visuals/page_renders/law-1_page_059.png,0.0,0.0,595.0,841.0,1240,1753,7baa316bf413aa917cc6e9f4fb476ae75ccfbd7aa7115f0ae06f27bd9cdce411
PAGE-LAW1-060,1,0,,60,페이지 전체,page:60,0,04_visuals/page_renders/law-1_page_060.png,04_visuals/page_renders/law-1_page_060.png,0.0,0.0,595.0,841.0,1240,1753,6d59113586ae85240abb3a162f1c1048d865eeba24157fb801a4776a9ce9a7e2
PAGE-LAW1-061,1,0,,61,페이지 전체,page:61,0,04_visuals/page_renders/law-1_page_061.png,04_visuals/page_renders/law-1_page_061.png,0.0,0.0,595.0,841.0,1240,1753,ada911753e0276da4f44270d7303a698206c9d2798b0786925c4f3aaefd53ee1
PAGE-LAW1-064,1,0,,64,페이지 전체,page:64,0,04_visuals/page_renders/law-1_page_064.png,04_visuals/page_renders/law-1_page_064.png,0.0,0.0,595.0,841.0,1240,1753,bbc384ba5ec28a4c556aa7612d98e22c24b6710916bfbb10d25c366fd62f7524
PAGE-LAW1-065,1,0,,65,페이지 전체,page:65,0,04_visuals/page_renders/law-1_page_065.png,04_visuals/page_renders/law-1_page_065.png,0.0,0.0,595.0,841.0,1240,1753,f40e3bedc5443a60b2a95ccff90bd518922f99a626196ae2ae1065a6ed73178b
PAGE-LAW1-066,1,0,,66,페이지 전체,page:66,0,04_visuals/page_renders/law-1_page_066.png,04_visuals/page_renders/law-1_page_066.png,0.0,0.0,595.0,841.0,1240,1753,f2a7258e6364e21235c61427f19b10b7fbff0bfe58f38296607f06eb5ccc9094
PAGE-LAW1-068,1,0,,68,페이지 전체,page:68,0,04_visuals/page_renders/law-1_page_068.png,04_visuals/page_renders/law-1_page_068.png,0.0,0.0,595.0,841.0,1240,1753,6697e682a764cd94b5c497f4a2d9de9b2ccc89ec332157b43381c257daafa823
PAGE-LAW1-069,1,0,,69,페이지 전체,page:69,0,04_visuals/page_renders/law-1_page_069.png,04_visuals/page_renders/law-1_page_069.png,0.0,0.0,595.0,841.0,1240,1753,c87b1cc5b6f297b468a8f19c685aae2f36beb89fca5bf32e787af356314d8112
PAGE-LAW1-070,1,0,,70,페이지 전체,page:70,0,04_visuals/page_renders/law-1_page_070.png,04_visuals/page_renders/law-1_page_070.png,0.0,0.0,595.0,841.0,1240,1753,22dd130740046fb24b60168a37c15d07b1cb4a2fbd01ed1afc04c6e9156ed80a
PAGE-LAW1-071,1,0,,71,페이지 전체,page:71,0,04_visuals/page_renders/law-1_page_071.png,04_visuals/page_renders/law-1_page_071.png,0.0,0.0,595.0,841.0,1240,1753,ccb7a7a6251e4156744ad7796c8d1d180e27df745c02181709499d18d53b4096
PAGE-LAW1-072,1,0,,72,페이지 전체,page:72,0,04_visuals/page_renders/law-1_page_072.png,04_visuals/page_renders/law-1_page_072.png,0.0,0.0,595.0,841.0,1240,1753,d7b99d61331c817c23a8840c96cbbbc1193699a474c38bb1cc3464824f398cdb
PAGE-LAW1-073,1,0,,73,페이지 전체,page:73,0,04_visuals/page_renders/law-1_page_073.png,04_visuals/page_renders/law-1_page_073.png,0.0,0.0,595.0,841.0,1240,1753,4d2226eb570914208923d8d3b0b4b8826650c181478e57b31c8891ac7f3d88f9
PAGE-LAW1-074,1,0,,74,페이지 전체,page:74,0,04_visuals/page_renders/law-1_page_074.png,04_visuals/page_renders/law-1_page_074.png,0.0,0.0,595.0,841.0,1240,1753,b8bb7224f5af18dc594b0d0a621aa722b2b66ab8470387a0551b9c038d58e82e
PAGE-LAW1-075,1,0,,75,페이지 전체,page:75,0,04_visuals/page_renders/law-1_page_075.png,04_visuals/page_renders/law-1_page_075.png,0.0,0.0,595.0,841.0,1240,1753,523444e64af4e0bba799b980ac2c1140993f81d8489162b23d0ead096c76b087
PAGE-LAW1-076,1,0,,76,페이지 전체,page:76,0,04_visuals/page_renders/law-1_page_076.png,04_visuals/page_renders/law-1_page_076.png,0.0,0.0,595.0,841.0,1240,1753,407005c52cc6582edec6850dfc1f3c6745ecd9954e6d5660992bf6ec1377519b
PAGE-LAW1-077,1,0,,77,페이지 전체,page:77,0,04_visuals/page_renders/law-1_page_077.png,04_visuals/page_renders/law-1_page_077.png,0.0,0.0,595.0,841.0,1240,1753,5e62917fa493da1d3a36bd22dfdffb0a6f5709f5fdd419b2d19dcc94b4c7cf1f
PAGE-LAW1-078,1,0,,78,페이지 전체,page:78,0,04_visuals/page_renders/law-1_page_078.png,04_visuals/page_renders/law-1_page_078.png,0.0,0.0,595.0,841.0,1240,1753,e2aeefaac131890fa3b1ea804430e3ff662ac5996077d698db78cc02be1ba918
PAGE-LAW1-079,1,0,,79,페이지 전체,page:79,0,04_visuals/page_renders/law-1_page_079.png,04_visuals/page_renders/law-1_page_079.png,0.0,0.0,841.0,595.0,1753,1240,a91e712f385ff7828728c8e8db38b42f88a95a66ce78c783b9078afe93f66ef8
PAGE-LAW1-080,1,0,,80,페이지 전체,page:80,0,04_visuals/page_renders/law-1_page_080.png,04_visuals/page_renders/law-1_page_080.png,0.0,0.0,841.0,595.0,1753,1240,3d1d681f59e4f539572198703db57221a9aa4b1863a839c95c4a378cb87fdc20
PAGE-LAW1-081,1,0,,81,페이지 전체,page:81,0,04_visuals/page_renders/law-1_page_081.png,04_visuals/page_renders/law-1_page_081.png,0.0,0.0,841.0,595.0,1753,1240,348facaa050450aee5fe8cf96d7813febe6d6117dcf0713c221051a5b18905e3
PAGE-LAW1-082,1,0,,82,페이지 전체,page:82,0,04_visuals/page_renders/law-1_page_082.png,04_visuals/page_renders/law-1_page_082.png,0.0,0.0,841.0,595.0,1753,1240,980e1a5d142639460eae34fc3cc0c691806c4b122cabdde10a5a84f2f2dc572d
PAGE-LAW1-083,1,0,,83,페이지 전체,page:83,0,04_visuals/page_renders/law-1_page_083.png,04_visuals/page_renders/law-1_page_083.png,0.0,0.0,841.0,595.0,1753,1240,17567eade9c79aa23caa7df4f69af547fefcd279bded3e96478b1cd85d00ffb3
PAGE-LAW1-084,1,0,,84,페이지 전체,page:84,0,04_visuals/page_renders/law-1_page_084.png,04_visuals/page_renders/law-1_page_084.png,0.0,0.0,841.0,595.0,1753,1240,558f281f5fda274fac5886332a26a4b68b600bdf8e3f783ad148d3fd8cc47185
PDF-LAW2-U001,2,110,LAW2-1,1,PDF 고유 이미지,xref:3,0,03_extracted_images/pdf_embedded/law-2/02_visible_unique_images/xref_00003.png,03_extracted_images/pdf_embedded/law-2/02_visible_unique_images/xref_00003.png,505.0,720.0,575.0,790.0,200,200,cc6cf3d67c7b432d8e616f7464ee703601e65360da717859279cb64a91abee96
OCC-LAW2-001,2,110,LAW2-1,1,페이지 배치 이미지,xref:3;occurrence:1,0,04_visuals/image_context_crops/law-2_p001_occ001_xref00003.png,04_visuals/image_context_crops/law-2_p001_occ001_xref00003.png,483.0,698.0,595.0,812.0,344,349,011bc791f6b289237d24298603ea0f2fd4cb1f1d4a718fc1e74690c7ddbf14c5
PAGE-LAW2-001,2,0,,1,페이지 전체,page:1,0,04_visuals/page_renders/law-2_page_001.png,04_visuals/page_renders/law-2_page_001.png,0.0,0.0,595.0,842.0,1240,1755,664d0a8ff021aaa0a98c26dd09cdc2fddbf203ae9ac3d29550be178811be95a7
